？,汉,河北,衡水,O1b1a1a*,"M95+, M88-",,,15,14,17,24,10,11,14,14,11,11,18,16,16,20,10,13,17,,,37.746929045857,115.68622865291
？,汉,重庆,重庆,O2a2b1a1*,M117+,,,14,12,16,25,10,12,12,14,11,12,20,16,20,20,12,13,14,,,29.544606108886,106.53063501341
？,满,辽宁,沈阳,C3b*,"M217+, F1396+",,,15,13,16,25,10,11,13,14,10,11,22,15,18,21,11,11,12,,,41.808644783516,123.43279092161
爱新觉罗,满,北京,北京,C3b*,"M217+, F1396+",C3,M217+,15,13,16,24,10,11,14,14,10,11,21,15,19,23,11,12,12,,,39.92998577808,116.39564503788
爱新觉罗,满,辽宁,本溪,,,C3a,"M217+, F1144+",15,14,16,24,10,11,14,14,11,11,20,15,16,21,12,11,20,,,41.325837626649,123.77806236979
爱新觉罗,满,辽宁,沈阳,C3b*,"M217+, F1396+",C3b2b1*,M401+,15,13,16,24,10,11,14,14,10,11,21,16,18,23,11,12,12,,,41.808644783516,123.43279092161
敖,汉,湖南,岳阳,O2a*,"M122+, M324-",,,15,13,15,25,9,13,14,14,10,13,22,15,17,21,10,12,18,,,29.378007075474,113.14619551912
白,满,辽宁,抚顺,C3b*,"M217+, F1396+",C3b2a,"F3273+, F3757+, F3791+",16,13,16,24,10,11,13,14,10,11,22,15,18,22,11,12,12,,,41.877303829591,123.92981976705
包,汉,浙江,宁波,,,O2*,"M268+, P31+, PK4-, M176-",15,14,16,24,10,13,14,14,10,10,18,15,15,21,12,12,16,,,29.885258965918,121.57900597259
包,蒙古,内蒙古,赤峰,O2a2*,"P201+, M7-, P164-",,,15,12,18,24,10,13,12,15,10,11,20,15,17,21,12,20,21,,,42.297112320317,118.93076119217
包,蒙古,内蒙古,通辽,O2a1c*,002611+,,,16,12,16,24,10,13,12,13,10,11,20,14,18,22,12,13,13,,,43.633756072996,122.26036326322
贝,汉,江苏,苏州,O1a1a*,P203+,,,15,12,16,23,11,14,13,14,10,11,18,15,15,19,12,13,13,,,31.317987367952,120.61990711549
博尔济吉特,满,北京,北京,,,C3a1a,"F1144+, M407+",15,13,15,23,10,11,14,14,10,11,21,15,18,22,11,11,11,,,39.92998577808,116.39564503788
蔡,汉,福建,三明,,,O2*,"M268+, P31+, PK4-, M176-",16,14,16,24,10,13,14,14,10,12,18,15,15,21,12,12,18,,,26.270835279362,117.64219393404
蔡,汉,江苏,南通,O2a2b1*,"M134+, M117-",,,15,12,15,23,10,12,14,15,10,12,19,15,18,20,12,12,12,,,32.014664540823,120.87380095093
蔡,汉,上海,上海,,,O1a1a*,P203+,16,12,15,23,11,14,13,14,10,12,18,17,15,20,12,12,13,,,31.24916171001514,121.48789948569473
蔡,汉,云南,临沧,,,O2a2b1a1*,"M117+, F5+",14,12,16,23,10,14,12,15,11,12,20,15,18,20,12,14,19,,,23.887806103773,100.09261291373
曹,汉,安徽,淮南,O2a2b1a1*,M117+,,,14,12,16,24,10,14,13,15,10,"11,12,13",21,15,17,20,11,13,19,,,32.642811823748,117.01863886329
曹,汉,河北,衡水,R1,M306+,,,16,13,18,25,10,11,13,14,11,10,19,15,15,23,11,11,14,,,37.746929045857,115.68622865291
曹,汉,江苏,淮安,,,R1a1a,M17+,15,13,18,25,11,11,13,14,11,11,20,18,15,23,12,11,14,,,33.606512739276,119.03018636466
曹,汉,江苏,苏州,,,O1a*,"M119+, P203-, M110-",16,12,16,23,10,13,12,14,10,13,20,17,16,20,12,12,14,,,31.317987367952,120.61990711549
曹,汉,江苏,盐城,,,N,M231+,14,14,17,23,10,14,13,14,11,12,19,16,18,21,12,11,12,,,33.379861877121,120.14887181794
曹,汉,江西,宜春,,,O2a*,"PK4+, M95-",15,13,16,23,10,13,14,14,10,13,18,15,17,21,11,12,21,,,27.811129895843,114.40003867156
曹,汉,内蒙古,包头,Q1a1,"M120+, N14+",,,13,14,17,24,6,14,15,14,12,11,19,18,17,22,10,16,20,,,40.647119425709,109.84623853249
曹,汉,上海,上海,,,O1a1a*,P203+,15,12,17,23,11,14,13,14,10,11,18,17,15,19,12,13,13,,,31.249161710015,121.48789948569
曹,汉,四川,广安,,,Q1a1,"M120+, N14+",13,14,16,24,6,14,14,14,12,11,19,16,17,22,10,16,19,,,30.599249987199,106.75891196362
曹,汉,浙江,台州,O1a*,"M119+, P203-, M110-",,,15,12,17,23,10,12,14,14,10,12,17,17,14,21,12,12,14,,,28.668283285674,121.44061293594
岑,汉,海南,三亚,,,O2a2b1a1*,"M117+, F5+",15,12,16,23,10,14,12,14,11,12,20,14,16,20,12,13,17,,,18.257775914897,109.52277128136
曾,汉,广东,揭阳,O2a2b1*,"M134+, M117-",,,15,13,16,23,10,12,12,15,10,12,20,16,17,20,12,14,16,,,23.547999466926,116.37950085538
曾,汉,湖北,荆州,O2a1c*,002611+,,,15,12,16,25,10,13,12,14,10,12,19,15,17,20,12,12,19,,,30.396103360853,112.09985718065
曾,汉,湖北,武汉,,,O2a1c1a*,"002611+, F11+",16,12,16,26,10,13,12,14,10,12,19,15,17,22,12,12,19,,,30.581084126921,114.31620010268
曾,汉,湖北,襄樊,,,O2a1c1a*,"002611+, F11+",16,12,16,25,9,13,12,14,10,12,19,14,17,22,12,12,19,,,32.094933645821,112.17632579651
曾,汉,四川,绵阳,,,O2a1c1a*,"002611+, F11+",16,12,16,25,9,14,12,14,10,11,19,15,18,22,12,12,20,,,31.504701258061,104.70551897529
查,汉,江苏,南通,,,O2a*,"PK4+, M95-",15,13,16,23,9,15,13,14,10,10,18,15,16,20,12,12,18,,,32.014664540823,120.87380095093
柴,汉,上海,上海,,,O2a2b1a1*,"M117+, F5+",14,12,17,23,10,14,12,14,11,13,20,15,19,20,12,13,19,,,31.249161710015,121.48789948569
柴,汉,四川,内江,,,O1a1a*,P203+,15,12,18,22,10,14,13,14,10,12,18,17,15,20,12,13,14,,,29.599461534775,105.07305599171
常,汉,吉林,长春,,,O2a1c1a*,"002611+, F11+",16,12,16,25,10,13,12,14,10,13,19,14,17,21,11,12,19,,,43.898337607098,125.3136424272
潮,汉,安徽,安庆,D,M174+,,,15,14,16,25,10,7,13,14,11,13,19,14,18,21,11,11,11,,,30.537897817381,117.05873877211
陈,汉,福建,福州,O1b1a1a*,"M95+, M88-",O1b1a1a*,M95+,16,14,16,24,10,11,13,14,12,11,18,17,16,20,10,13,19,,,26.047125496573,119.33022110713
陈,汉,福建,漳州,,,O2*,"M268+, P31+, PK4-, M176-",16,14,16,25,10,13,14,14,10,11,18,15,14,21,12,13,16,,,24.517064779808,117.67620467895
陈,汉,甘肃,天水,,,O1a1a*,P203+,15,12,15,23,10,15,13,15,10,11,18,18,15,19,12,14,14,,,34.584319418869,105.73693162286
陈,汉,广东,河源,O2a2b1a1*,M117+,O2a2b1a1*,"M117+, F5+",14,13,16,24,10,14,12,15,11,12,20,15,16,20,12,13,19,,,23.757250850469,114.71372147587
陈,汉,广东,江门,,,O2a2a1a2*,M7+,16,12,16,24,10,13,12,15,10,10,20,15,20,21,12,13,19,,,22.575116783451,113.07812534115
陈,汉,广东,湛江,Q,M242+,,,13,14,16,24,6,14,14,14,12,10,19,17,16,22,10,16,20,,,21.257463103764,110.36506726285
陈,汉,广西,柳州,O2a1c*,002611+,,,16,12,16,25,9,13,12,14,11,11,19,14,17,21,12,12,20,11,12,24.329053352467,109.42240181015
陈,汉,海南,海口,,,O2a2b1a1*,"M117+, F5+",15,12,16,23,9,14,12,15,11,12,20,14,16,20,12,13,17,,,20.022071276952,110.33080184834
陈,汉,海南,海南,,,O2a*,M324+,16,14,15,25,11,13,12,14,10,12,18,14,18,23,13,12,12,,,19.180500801261,109.73375548794
陈,汉,河南,郑州,,,O2*,"M268+, PK4-, M176-",14,13,16,23,10,13,14,14,11,13,18,15,17,21,12,12,17,,,34.75661006414,113.64964384986
陈,汉,湖北,荆门,,,O2a*,"PK4+, M95-",16,13,15,23,10,13,14,14,10,13,18,15,17,25,11,12,20,,,31.042611202949,112.21733029897
陈,汉,湖南,长沙,,,O2*,"M268+, P31+, PK4-, M176-",16,14,16,24,10,13,14,14,10,11,18,15,15,20,12,12,19,,,28.213478230853,112.97935278765
陈,汉,湖南,衡阳,Q1a1,"M120+, N14+",,,13,14,16,24,6,15,13,14,12,12,19,16,15,22,10,16,21,,,26.898164415358,112.58381881072
陈,汉,湖南,湘潭,,,O1a1a*,P203+,14,13,16,23,10,14,13,14,10,12,18,15,14,23,12,11,12,,,27.835095052979,112.93555563303
陈,汉,江苏,淮安,O2a2b1a1*,M117+,O2a2b1a1*,"M117+, F5+",14,12,14,24,10,14,12,15,11,13,20,15,17,20,12,13,20,,,33.606512739276,119.03018636466
陈,汉,江苏,南京,O2*,"M268+, P31+, PK4-, M176-",O2*,"M268+, P31+, PK4-, M176-",15,13,17,24,10,14,14,14,10,11,18,15,15,23,12,12,18,,,32.057235501806,118.77807440803
陈,汉,江苏,苏州,O2a2b1a1*,M117+,O2a2b1a1*,"M117+, F5+",14,12,16,23,10,14,12,15,11,12,20,15,20,19,12,14,16,,,31.317987367952,120.61990711549
陈,汉,江苏,无锡,,,O2a2b*,P164+,17,12,15,24,11,13,12,15,10,11,20,15,18,20,11,11,16,,,31.570037451923,120.30545590054
陈,汉,江苏,扬州,,,O2a2b1a1*,"M117+, F5+",14,12,16,26,10,15,12,15,11,12,20,16,18,21,12,13,19,,,32.408505254568,119.42777755117
陈,汉,山东,济宁,,,O2a1a1a1,M121+,15,13,18,22,10,14,12,14,10,11,19,14,17,22,11,12,19,,,35.402121664331,116.60079762482
陈,汉,山东,潍坊,,,O2a2b1a1*,"M117+, F5+",14,12,15,24,10,14,12,15,11,12,20,14,18,20,12,13,19,,,36.716114873051,119.14263382297
陈,汉,四川,内江,,,O1a1a*,P203+,16,12,16,23,10,14,13,14,10,11,18,19,16,20,12,13,13,,,29.599461534775,105.07305599171
陈,汉,四川,遂宁,O2a1*,"L127+, 002611-",O2a*,M324+,16,12,16,23,10,13,13,14,10,12,19,16,16,21,11,13,20,,,30.55749135038,105.56488779226
陈,汉,四川,资阳,,,Q1a1,M120+,13,14,16,24,9,14,13,14,12,11,20,17,15,22,10,15,20,,,30.132191433952,104.63593030167
陈,汉,浙江,宁波,,,O2a1c1a*,"002611+, F11+",16,12,16,25,10,13,12,14,10,12,19,13,18,21,11,15,18,,,29.885258965918,121.57900597259
陈,汉,浙江,绍兴,O2a1c*,002611+,,,15,13,16,25,10,13,12,14,10,12,19,14,17,22,13,12,12,11,12,30.002364580528,120.59246738555
陈,汉,浙江,绍兴,O1a1a*,P203+,,,15,12,17,23,11,14,13,14,10,11,18,18,15,19,13,12,13,,,30.002364580528,120.59246738555
陈,汉,浙江,舟山,,,O2a1c1a*,"002611+, F11+",16,12,16,23,10,13,12,13,10,11,20,14,18,23,11,14,17,,,30.036010302554,122.16987209835
程,汉,安徽,六安,,,O2a1c1a*,"002611+, F11+",16,12,15,23,11,13,12,14,10,12,19,14,18,21,12,12,20,,,31.755558355198,116.50525268298
程,汉,河南,安阳,,,O2a2b*,"P164+, M134-",15,12,16,24,10,13,12,15,9,12,19,15,15,21,13,12,12,,,36.110266722181,114.35180650767
程,汉,山东,烟台,,,O2*,"M268+, P31+, PK4-, M176-",15,13,17,24,10,13,14,14,10,11,18,15,17,22,13,12,17,,,37.53656156286,121.30955503009
初,汉,辽宁,丹东,,,C3a,"M217+, F1144+",16,13,19,24,10,11,14,14,10,11,21,15,15,21,11,11,11,,,40.129022826638,124.33854311477
崔,朝鲜,吉林,延边,O2a2b1a1*,M117+,,,14,12,16,24,10,14,12,15,11,12,20,15,18,22,13,13,19,,,42.896413603744136,129.4859019581615
崔,汉,河北,石家庄,O2a1c*,002611+,O2a1c1a*,"002611+, F11+",15,12,16,25,10,13,12,13,10,11,20,14,17,23,12,14,18,,,38.048958314615,114.52208184421
崔,汉,山东,聊城,O2a1c*,002611+,,,16,13,17,24,10,13,12,14,10,12,19,14,19,21,11,12,23,,,36.455828514728,115.98686913929
戴,汉,江西,吉安,,,O2a2b1a1*,"M117+, F5+",15,12,16,24,10,14,12,14,11,12,20,13,16,20,12,13,16,,,27.113847650157,114.99203871092
邓,汉,辽宁,朝阳,,,O2a2b1a2a1*,"M134+, F444+, F46+",15,12,16,23,11,12,12,15,10,13,19,16,17,19,12,13,16,,,41.571827667857,120.44616270274
第五,汉,陕西,咸阳,,,O2a2b1a2a1*,"M134+, F444+, F46+",16,12,17,23,10,12,12,15,10,12,19,16,19,20,11,13,17,,,34.345372995999,108.7075092782
刁,汉,安徽,合肥,O2a2b1*,"M134+, M117-",O2a2b1a2a1*,"M134+, F444+, F46+",15,12,17,23,10,12,12,15,10,12,19,15,20,20,11,12,12,,,31.866942260687,117.28269909168
丁,汉,山东,潍坊,,,O2a1c1a*,"002611+, F11+",15,12,17,25,10,del,12,14,10,12,20,14,18,22,12,14,17,,,36.716114873051,119.14263382297
丁,汉,上海,上海,O2*,"M122+, M324-",,,14,13,16,25,10,13,12,15,11,14,20,16,18,21,11,13,19,,,31.249161710015,121.48789948569
董,白,云南,大理,,,C3a,"M217+, F1144+",17,13,16,23,10,11,15,14,10,11,21,15,16,21,11,12,16,,,25.693966622473,100.21920895422
董,汉,河北,保定,,,N,M231+,14,14,15,23,11,16,14,14,11,10,19,14,17,21,12,11,13,,,38.886564548027,115.49481016908
董,汉,山东,泰安,O2a2*,"P201+, M159-, M7-, P164-",,,15,13,14,23,10,13,13,15,10,12,20,15,17,20,12,13,18,,,36.188077758948,117.08941491714
董,汉,山东,枣庄,O2a2b1*,"M134+, M117-",,,15,12,15,22,10,12,13,15,10,11,19,16,17,20,12,12,16,,,34.807883078386,117.2793053833
董,汉,四川,南充,,,O2a2b1a2a1*,"M134+, F444+, F46+",15,12,15,23,10,12,12,15,10,12,19,17,20,20,12,12,16,,,30.800965168237,106.10555398379
董,黎,海南,海南,,,O2a1c*,002611+,17,13,15,25,10,13,12,15,10,11,19,15,18,21,12,12,18,,,19.180500801261,109.73375548794
杜,汉,安徽,六安,C,M130+,,,15,14,15,23,10,11,14,14,10,11,21,15,15,21,11,11,21,,,31.755558355198,116.50525268298
段,汉,山东,青岛,,,O2a1c*,002611+,16,13,15,22,10,14,12,15,10,13,20,15,17,20,12,10,11,,,36.105214901274,120.38442818368
额尔图德,蒙古,内蒙古,赤峰,C3*,"M217+, M93-, P39-, M48-, M407-, P53-",,,16,13,16,25,10,11,13,14,10,10,22,15,18,21,11,12,13,,,42.297112320317,118.93076119217
额林布,满,辽宁,锦州,O2a2b1a1*,M117+,,,14,13,15,24,10,14,12,15,11,12,21,14,18,22,12,13,19,,,41.130878875917,121.14774873824
樊,汉,安徽,淮南,,,O2a2b1a2a1*,"M134+, F444+, F46+",15,12,17,23,10,12,12,15,10,12,19,15,18,19,11,12,16,,,32.642811823748,117.01863886329
樊,汉,河北,邢台,H1a*,"M52+, M82-",,,15,13,16,23,10,11,12,14,9,11,18,15,15,22,12,15,17,,,37.069531196912,114.52048681294
樊,汉,山西,吕梁,Q1a1,M120+,Q1a1,"M120+, N14+",13,14,17,24,9,14,14,14,13,13,19,15,16,22,10,16,20,,,37.527316096963,111.14315660235
范,汉,福建,厦门,O2a2b*,"P164+, M134-",,,15,12,17,25,10,13,14,14,11,11,19,13,18,24,11,12,12,,,24.489230612469232,118.10388604566381
方,汉,安徽,滁州,O2a2a1a2*,M7+,O2a*,M324+,14,12,17,25,10,13,12,15,10,12,20,15,21,23,11,13,19,,,32.317350595384,118.32457035098
方,汉,安徽,六安,,,O2a2b1a1*,"M117+, F5+",14,12,16,23,10,14,12,15,11,12,20,14,18,21,12,15,17,,,31.755558355198,116.50525268298
冯,汉,广东,佛山,,,O2a1c1a*,"002611+, F11+",16,12,15,25,10,13,12,14,10,11,19,14,19,21,12,12,20,,,23.035094840514,113.13402563539
冯,汉,江苏,南通,,,C3a,"M217+, F1144+",16,13,16,24,10,11,15,15,10,12,21,14,16,21,11,11,19,,,32.014664540823,120.87380095093
冯,汉,浙江,台州,,,O2a2*,"P201+, M7-, P164-",15,13,16,24,10,13,12,15,10,13,19,15,18,21,11,13,21,,,28.668283285674,121.44061293594
符,汉_临高,海南,海南,,,O1a1a*,P203+,14,12,15,24,11,15,13,14,10,11,18,15,15,20,12,13,14,,,39.29620947939178,106.92539717866242
傅,汉,河北,石家庄,O2a1c*,002611+,O2a1c1a*,"002611+, F11+",15,12,16,25,10,13,12,14,10,12,19,15,18,21,12,12,18,,,38.048958314615,114.52208184421
傅,汉,上海,上海,N,M231+,N,M231+,14,14,17,23,10,14,13,14,10,8,19,17,16,22,12,11,12,,,31.249161710015,121.48789948569
甘,汉,上海,上海,O2a2b1a1*,M117+,,,14,12,17,23,10,14,12,15,11,12,20,16,19,20,13,13,19,,,31.249161710015,121.48789948569
高,汉,安徽,安庆,O2a2b1a1*,M117+,O2a2b1a1*,"M117+, F5+",14,12,16,24,11,15,12,15,11,11,20,16,17,20,11,20,21,,,30.537897817381,117.05873877211
高,汉,福建,福州,,,O2a1c*,002611+,16,13,15,22,10,13,12,15,10,12,19,15,20,22,12,11,12,,,26.047125496573,119.33022110713
高,汉,河南,南阳,,,O2a1c1a*,"002611+, F11+",16,12,16,25,9,13,12,14,10,10,19,13,17,23,12,12,20,,,33.0114195691165,112.5428419005123
高,漢,河南,商丘,O2a1c*,002611+,O2a1c*,002611+,16,12,16,25,10,12,12,14,10,12,19,14,17,23,12,12,22,,,34.438588640246,115.64188568785
高,汉,河南,商丘,C3d,M407+,C3a,"M217+, F1144+",15,14,15,23,10,11,14,14,10,12,21,15,21,20,12,11,19,,,34.438588640246,115.64188568785
高,汉,湖北,武汉,,,O2a1c1a*,"002611+, F11+",17,13,15,24,10,13,12,15,10,13,19,14,17,24,13,13,20,,,30.581084126921,114.31620010268
高,汉,江苏,常州,N,M231+,N,M231+,15,14,17,23,10,14,13,14,10,11,18,14,16,20,11,12,12,,,31.771396744684,119.98186101346
高,汉,江苏,泰州,,,O2a2b1a2a1*,"M134+, F444+, F46+",15,12,16,23,10,12,12,15,10,12,19,15,17,19,12,12,19,,,32.47605327483,119.91960601619
高,汉,江西,吉安,O2a2b1a1*,M117+,O2a2b1a1*,"M117+, F5+",14,12,15,24,11,16,12,15,11,13,20,15,18,20,12,13,19,,,27.113847650157,114.99203871092
高,汉,山东,枣庄,O2a1c*,002611+,O2a1c1a*,"002611+, F11+",16,12,17,25,10,13,12,14,10,11,20,14,20,23,12,14,18,,,34.807883078386,117.2793053833
高,汉,陕西,榆林,O2a1c*,002611+,O2a1c1a*,"002611+, F11+",17,12,15,25,10,13,12,14,10,10,20,14,20,22,12,14,18,,,38.279439240071,109.74592574433
高,漢,天津,天津,O2a1c*,002611+,O2a1c*,002611+,16,13,17,25,11,13,12,15,11,11,19,17,17,21,12,12,19,,,39.14392990331,117.21081309155
高,汉,浙江,杭州,O2a1c*,002611+,,,17,13,16,24,10,13,12,14,10,12,20,15,17,23,11,12,19,11,12,30.259244461536,120.21937541572
葛,汉,江苏,宿迁,,,O2a2b1a1*,"M117+, F5+",14,12,16,24,10,14,13,15,11,12,19,15,17,21,12,13,20,,,33.952049733709,118.29689337855
葛,汉,江苏,宿迁,,,O2a2b1a2a1*,"M134+, F444+, F46+",13,12,16,24,11,12,13,15,10,11,20,15,20,19,11,12,16,,,33.952049733709,118.29689337855
葛,汉,山东,潍坊,,,O2a2b1a1*,"M117+, F5+",14,12,16,23,10,15,12,15,11,13,20,15,19,20,12,15,18,,,36.716114873051,119.14263382297
耿,汉,河南,焦作,,,O2a2b1a1*,"M117+, F5+",15,12,15,24,11,14,13,15,11,11,20,15,17,20,12,14,18,,,35.234607554986,113.21183588499
耿,汉,山东,青岛,,,O2*,"M268+, P31+, PK4-, M176-",15,14,18,24,11,13,14,14,10,11,18,15,15,21,12,12,17,,,36.105214901274,120.38442818368
公,汉,山东,临沂,,,O2a2b1a2a1*,"M134+, F444+, F46+",15,12,15,23,10,12,12,15,10,12,19,15,16,20,12,12,16,,,35.072409074391,118.34076823661
巩,汉,山东,东营,,,O2*,"M122+, M324-",14,14,16,25,11,13,12,14,10,12,20,17,17,22,11,14,18,,,37.408666288041,118.61264305188
贡,汉,安徽,滁州,O1a1a*,P203+,O1a1a*,P203+,15,12,16,23,10,14,13,14,10,11,18,18,15,19,12,11,14,,,32.317350595384,118.32457035098
古,汉,江苏,连云港,,,N,M231+,15,13,16,23,10,14,13,14,10,11,20,16,15,21,12,11,12,,,34.60154896701,119.17387221742
顾,汉,上海,上海,O2a1c*,002611+,,,17,12,16,23,10,13,13,14,10,11,19,14,18,21,12,12,19,11,12,31.249161710015,121.48789948569
顾,汉,四川,绵阳,,,O2a2b*,P164+,14,12,17,23,10,13,12,15,10,12,18,16,16,21,12,12,17,,,31.504701258061,104.70551897529
瓜尔佳,满,辽宁,铁岭,,,O2a2*,"P201+, M7-, P164-",14,13,16,24,10,13,12,15,10,13,19,15,18,21,11,14,14,,,42.299757012125,123.85484961462
郭,汉,河北,沧州,O2a2b1*,"M134+, M117-",O2a2b1a2a1*,"M134+, F444+, F46+",15,11,16,23,10,12,12,15,10,11,19,15,18,20,12,12,12,,,38.297615350326,116.86380647644
郭,汉,河南,安阳,O1a1a*,P203+,,,16,12,15,23,10,14,14,15,10,11,17,15,15,21,11,13,14,,,36.110266722181,114.35180650767
郭,汉,湖南,邵阳,,,D1,M15+,14,12,18,24,10,11,13,15,11,12,19,14,16,19,12,15,17,,,27.236811244922,111.46152540355
郭,汉,湖南,湘潭,,,O1a1a*,P203+,15,12,17,23,10,14,13,14,10,12,19,16,15,21,13,13,13,,,27.835095052979,112.93555563303
郭,汉,山东,烟台,,,O2a1c*,002611+,15,13,16,25,11,13,12,15,10,12,19,14,17,23,12,12,19,,,37.53656156286,121.30955503009
郭,汉,山西,吕梁,,,O1a1a*,P203+,15,12,17,23,10,14,13,14,10,11,18,16,15,19,11,12,13,,,37.527316096963,111.14315660235
郭,汉,山西,朔州,,,C3a,"M217+, F1144+",15,13,15,23,10,11,15,14,10,12,21,16,17,21,12,11,18,,,39.337671966221,112.47992772666
郭,汉,四川,自贡,O2a*,"PK4+, M95-",,,16,14,16,23,10,13,14,14,11,12,18,17,16,22,9,12,17,,,29.359156889476,104.77607133936
郭,汉,浙江,温州,O2a2b*,"P164+, M134-",,,15,12,15,22,10,13,12,15,10,13,19,15,19,21,11,12,19,,,28.002837594041,120.69063473371
郭,土家,​​湖北,恩施,,,O2a2a1a2*,M7+,17,12,16,24,10,13,12,15,10,11,20,16,18,24,12,13,21,,,30.308978511296,109.51743266232
韩,汉,江苏,泰州,,,O2a1c1a*,"002611+, F11+",17,13,15,24,10,13,12,14,10,12,19,14,18,21,12,13,19,,,32.47605327483,119.91960601619
韩,汉,陕西,榆林,C,M130+,C3b*,"M217+, F1396+",15,13,16,24,10,11,13,14,11,12,del,17,17,21,12,12,15,,,38.279439240071,109.74592574433
阚,汉,山东,德州,,,O2a1c1a*,"002611+, F11+",16,12,16,25,10,13,12,14,11,12,19,14,16,20,12,12,19,,,37.460825926305,116.32816136356
杭,汉,江苏,苏州,O2a1c*,002611+,,,17,13,16,25,10,13,12,14,10,12,19,14,19,23,11,13,20,11,12,31.317987367952,120.61990711549
郝,汉,北京,北京,O2a2b1a1*,M117+,,,14,12,15,24,11,14,12,15,11,12,19,15,19,20,12,13,19,,,39.92998577808,116.39564503788
郝,汉,天津,天津,,,N,M231+,14,15,17,23,10,14,13,14,11,12,19,16,16,22,12,11,12,,,39.14392990331,117.21081309155
何,汉,海南,海南,,,O2a1c*,002611+,16,13,15,25,10,13,12,15,11,11,19,17,17,21,12,13,19,,,19.180500801261,109.73375548794
贺,汉,四川,遂宁,C,M130+,,,17,13,16,23,11,11,16,14,10,10,19,15,16,20,12,11,18,,,30.55749135038,105.56488779226
贺,蒙古,河北,唐山,,,O2a2b1a1*,"M117+, F5+",14,13,16,24,10,14,12,15,11,12,20,17,17,20,12,13,20,,,39.650530922537,118.18345059773
洪,汉,浙江,金华,O2a2b1*,"M134+, M117-",O2a2b1*,"M134+, M117-",15,12,16,24,10,12,12,15,11,13,19,15,18,21,12,12,15,,,29.102899105391,119.65257570368
侯,汉,江苏,南通,,,N,M231+,14,14,17,23,11,14,13,14,10,10,18,14,17,20,11,11,13,,,32.014664540823,120.87380095093
胡,汉,湖北,襄樊,O2a2b1a1*,M117+,,,14,12,16,24,10,14,12,16,11,12,20,15,17,20,12,14,18,11,10,32.094933645821,112.17632579651
胡,汉,江苏,扬州,,,O2*,M122+,13,12,18,26,10,13,14,15,10,11,20,15,16,23,12,13,19,,,32.408505254568,119.42777755117
胡,汉,山西,晋中,,,N,M231+,14,13,16,23,11,14,13,14,10,10,18,15,18,20,12,11,12,,,37.693361526798,112.73851439992
胡,汉,四川,绵阳,,,O1a1a*,P203+,15,12,16,23,10,14,13,14,10,11,18,15,16,20,12,13,13,,,31.504701258061,104.70551897529
胡,汉,四川,绵阳,,,O1b1a1a*,M95+,15,13,16,25,10,13,13,14,10,12,18,15,18,21,11,13,18,,,31.504701258061,104.70551897529
胡,汉,四川,乐山,,,N,M231+,14,13,16,23,10,15,13,14,10,12,18,15,17,20,12,13,13,,,29.600957611095,103.76082423877
胡,汉,浙江,绍兴,,,O2a2b1a2a1*,"M134+, F444+, F46+",15,12,16,23,10,12,13,14,10,11,19,15,20,21,13,12,17,,,30.002364580528,120.59246738555
胡,蒙古,内蒙古,通辽,,,O2*,"M268+, P31+, PK4-, M176-",15,14,16,24,9,del,14,14,10,11,18,15,14,21,13,12,17,,,43.633756072996,122.26036326322
许,汉,江苏,南京,E1b1b1c,M123+,?,?,13,13,17,24,9,11,14,14,10,12,20,15,20,20,11,17,17,,,32.057235501806,118.77807440803
许,汉,辽宁,营口,C,M130+,,,16,13,18,23,10,11,14,14,10,12,21,15,16,22,11,10,17,,,40.668651066474,122.23339137079
许,汉,山西,吕梁,O2a2b1*,"M134+, M117-",,,15,12,15,23,10,12,12,15,10,12,20,15,18,20,12,12,18,,,37.527316096963,111.14315660235
许,汉,浙江,绍兴,,,O1a1a*,P203+,15,12,17,23,12,14,13,14,10,11,18,17,15,20,12,13,13,,,30.002364580528,120.59246738555
许,满,黑龙江,哈尔滨,C3*,"M217+, M93-, P39-, M48-, M407-, P53-",,,15,13,17,24,10,11,13,14,11,12,21,17,16,22,11,12,14,11,15,45.773224633239,126.65771685545
华赛,蒙古,内蒙古,呼伦贝尔,O2*,"M268+, PK4-, M176-",O,M175+,15,13,16,24,10,13,13,14,10,11,18,14,17,21,12,11,19,,,49.201636054604,119.760821794
黄,汉,广东,梅州,N,M231+,,,16,14,16,23,11,14,13,14,10,11,18,14,18,20,11,11,12,,,24.304570606031,116.12640309837
黄,汉,湖南,长沙,,,O2a2b1a2a1*,"M134+, F444+, F46+",15,12,18,23,10,12,12,14,10,12,19,17,18,19,11,12,18,,,28.213478230853,112.97935278765
黄,汉,江苏,南通,,,N,M231+,15,13,17,22,10,14,14,14,10,10,19,15,14,21,11,11,13,,,32.014664540823,120.87380095093
黄,汉,江西,抚州,,,O2a1c1a*,"002611+, F11+",16,12,17,24,10,13,12,14,10,13,20,14,20,24,12,11,19,,,27.95454517027,116.36091886693
黄,汉,江西,宜春,,,O2a2b1a2a1*,"M134+, F444+, F46+",15,12,17,23,10,12,12,14,10,12,19,15,19,20,12,12,17,,,27.811129895843,114.40003867156
黄,汉,浙江,嘉兴,,,O2a2b*,"P164+, M134-",15,11,15,25,10,13,13,15,10,11,19,14,17,23,11,12,18,,,30.773992239582,120.76042769896
黄,汉,浙江,宁波,,,O1a1a*,P203+,15,12,17,23,10,14,13,14,10,13,18,16,16,21,12,13,14,,,29.885258965918,121.57900597259
黄,汉,浙江,温州,,,O2a2a1a2*,M7+,16,12,16,23,10,13,12,15,10,13,21,15,17,22,12,12,23,,,28.002837594041,120.69063473371
黄,童,广西,百色,,,O1a1a*,P203+,15,12,16,23,10,14,13,14,10,13,18,15,15,21,12,12,13,,,23.90151236791,106.63182140365
惠,汉,江苏,连云港,O2a2b1*,"M134+, M117-",O2a*,M324+,15,12,16,24,10,13,12,15,10,12,19,17,17,24,12,12,12,,,34.60154896701,119.17387221742
姬,汉,山东,泰安,,,H,M69+,16,13,16,22,10,11,12,14,10,10,19,15,18,22,11,14,16,,,36.188077758948,117.08941491714
贾,汉,山西,运城,O2a2b1*,"M134+, M117-",O2a2b1a2a1*,"M134+, F444+, F46+",15,12,17,23,10,13,12,15,10,12,19,15,17,19,12,10,16,,,35.038859479812,111.00685365308
骆,汉,重庆,重庆,,,O2a2b1a2a1*,"M134+, F444+, F46+",15,12,17,23,10,12,12,15,10,11,19,15,18,19,12,12,18,,,29.544606108886,106.53063501341
江,汉,江苏,盐城,,,O2a2b1a2a1*,"M134+, F444+, F46+",15,13,16,23,10,12,13,14,10,11,19,15,19,20,12,12,12,,,33.379861877121,120.14887181794
姜,汉,辽宁,葫芦岛,O2a2b1*,"M134+, M117-",,,15,12,15,23,10,12,13,15,10,12,19,16,18,22,11,12,17,,,40.743029881318,120.86075764476
蒋,汉,福建,三明,,,N,M231+,15,13,16,23,11,14,13,14,10,10,18,14,18,21,11,11,11,,,26.270835279362,117.64219393404
蒋,汉,河南,郑州,,,O1a1a*,P203+,17,12,16,23,11,15,13,14,10,11,18,16,15,19,12,13,13,,,34.75661006414,113.64964384986
蒋,汉,湖南,湘潭,,,N,M231+,15,13,16,25,11,14,13,14,10,10,18,15,16,22,12,11,12,,,27.835095052979,112.93555563303
蒋,汉,江苏,苏州,O1a1a*,P203+,,,16,12,15,23,10,14,13,14,10,12,18,16,16,19,12,12,13,,,31.317987367952,120.61990711549
金,朝鲜,吉林,吉林,,,Q1a1,"M120+, N14+",14,14,16,24,9,14,14,14,12,11,19,17,18,23,10,16,19,,,43.871988334359,126.56454398883
金,汉,上海,上海,,,O2a1c1a*,"002611+, F11+",17,13,16,25,10,13,12,14,10,12,19,14,17,24,13,13,18,,,31.249161710015,121.48789948569
金,汉,浙江,宁波,,,C3a,"M217+, F1144+",15,14,16,23,10,11,14,14,11,11,22,15,15,21,11,11,19,,,29.885258965918,121.57900597259
金,汉,浙江,台州,Q1a1,"M120+, N14+",,,13,14,16,24,6,14,15,14,12,12,19,18,15,22,11,16,20,12,12,28.668283285674,121.44061293594
康,汉,安徽,亳州,,,D1,M15+,15,12,16,24,10,10,12,14,10,12,19,14,22,20,11,14,16,,,33.871210565302,115.78792824512
康,汉,河北,邯郸,N,M231+,N,M231+,14,14,17,22,14,14,12,14,10,11,19,17,16,21,11,11,12,,,36.609307928471,114.48269393234
康,汉,四川,资阳,,,O2a*,M324+,16,12,17,25,10,13,12,14,10,12,18,15,19,21,11,12,18,,,30.132191433952,104.63593030167
克烈亦特,蒙古,內蒙古,錫林郭勒,N1c1,M178+,,,13,14,16,24,11,14,14,14,10,10,19,15,17,22,12,11,13,,,31.601559591322,82.297502979837
孔,汉,江苏,泰州,O2a1c*,002611+,O2a1c1a*,"002611+, F11+",15,12,16,25,10,13,12,14,10,10,19,14,20,23,12,12,18,,,32.47605327483,119.91960601619
孔,汉,山东,泰安,,,C3a,"M217+, F1144+",17,13,16,23,10,11,14,14,10,11,20,16,16,21,11,11,17,,,36.188077758948,117.08941491714
来,汉,山东,烟台,,,O2*,"M268+, P31+, M95-, M176-",15,13,18,24,10,13,14,14,10,12,18,14,19,22,11,12,21,,,37.53656156286,121.30955503009
蓝,汉,四川,遂宁,,,O2a2a1a2*,M7+,16,13,16,24,10,13,13,15,10,11,20,15,18,22,11,13,21,,,30.55749135038,105.56488779226
李,傣,云南,玉溪,,,O1b1a1a*,M95+,15,14,18,24,10,13,14,14,11,11,18,15,16,20,10,14,18,,,24.370447134438,102.54506789248
李,汉,北京,北京,N,M231+,N,M231+,14,13,17,23,10,15,13,14,10,11,19,15,18,21,12,13,13,,,39.92998577808,116.39564503788
李,汉,广东,潮州,,,O2a2b1a1*,"M117+, F5+",14,12,16,23,10,14,12,15,11,12,21,16,18,20,12,15,18,,,23.661811676517,116.63007599086
李,汉,广东,汕尾,O2*,"M268+, P31+, PK4-, M176-",,,16,14,16,24,10,13,14,14,10,12,18,15,16,21,12,12,18,,,22.778730500164,115.3729242894
李,汉,广西,桂林,,,O1a1a*,P203+,15,12,18,24,10,14,14,14,11,13,18,16,15,21,12,13,14,,,25.262901245955,110.26092014748
李,汉,河南,焦作,,,O2a2b1a2a1*,"M134+, F444+, F46+",15,11,16,23,10,12,12,15,10,13,19,15,18,20,12,12,16,,,35.234607554986,113.21183588499
李,汉,河南,南阳,,,O2a2b1a2a1*,"M134+, F444+, F46+",17,12,18,23,10,12,12,15,10,11,19,15,19,19,13,12,17,,,33.011419569116,112.54284190051
李,汉,河南,商丘,,,O2a2b1a1*,"M117+, F5+",14,12,16,23,10,14,12,15,11,12,19,15,20,20,12,13,19,,,34.438588640246,115.64188568785
李,汉,河南,信阳,,,N,M231+,14,14,17,23,10,13,13,15,10,11,19,14,16,21,12,11,13,,,32.128582307512,114.08549099347
李,汉,湖北,鄂州,O2a2b1*,"M134+, M117-",,,16,12,17,23,10,13,12,15,10,11,19,15,17,19,11,12,18,,,30.384439322752,114.89559404136
李,汉,湖北,武汉,O2a1c*,002611+,O2a1c1a*,"002611+, F11+",16,12,17,24,10,13,12,14,10,11,20,14,18,24,12,14,18,,,30.581084126921,114.31620010268
李,汉,湖南,长沙,,,O1a1a*,P203+,15,12,19,23,10,14,13,14,10,12,18,16,15,21,12,13,13,,,28.213478230853,112.97935278765
李,汉,辽宁,大连,O2a1c*,002611+,O2a1c1a*,"002611+, F11+",16,12,17,25,10,13,12,14,10,11,18,14,20,22,11,12,19,,,38.948709938304,121.59347778144
李,汉,山东,聊城,O2a2a1a2*,M7+,O2a*,M324+,16,12,17,24,10,14,12,14,10,11,20,15,17,20,13,14,19,,,36.455828514728,115.98686913929
李,汉,山西,长治,,,N,M231+,14,14,16,23,10,14,13,14,10,11,18,14,19,20,11,10,12,,,36.201664385743,113.12029208573
李,汉,山西,忻州,,,C3b*,"M217+, F1396+",16,13,15,24,10,11,13,14,11,11,21,17,16,20,11,12,14,,,38.461030572959,112.72793882881
李,汉,陕西,榆林,,,C3a,"M217+, F1144+",16,13,16,23,10,11,15,14,10,11,21,16,18,20,11,11,16,,,38.279439240071,109.74592574433
李,汉,四川,眉山,O2a1c*,002611+,O2a1c1a*,"002611+, F11+",16,12,17,25,9,13,12,14,10,13,19,14,17,22,11,12,19,,,30.061115079945,103.84142956287
李,汉,四川,资阳,O2a1a,M88+,,,15,13,18,24,11,13,14,14,10,12,18,15,16,21,11,13,18,,,30.132191433952,104.63593030167
李,汉,四川,自贡,,,O2a2b1a2a1*,"M134+, F444+, F46+",16,13,16,23,10,12,12,15,10,13,18,16,17,19,12,12,12,,,29.359156889476,104.77607133936
李,汉,浙江,宁波,O2a1c*,002611+,O2a1c1a*,"002611+, F11+",16,12,18,25,10,13,12,14,7,13,20,15,16,22,11,12,18,,,29.885258965918055,121.57900597258933
李,汉,浙江,宁波,,,O1a1a*,P203+,15,12,17,24,10,14,13,14,10,11,18,16,15,21,12,13,13,,,29.885258965918,121.57900597259
李,汉,浙江,舟山,O2a1c*,002611+,O2a1c1a*,"002611+, F11+",16,12,16,25,10,13,12,14,10,12,19,13,17,22,11,13,19,,,30.036010302554,122.16987209835
李,汉,重庆,重庆,,,O2a1c1a*,"002611+, F11+",16,12,14,25,10,13,12,14,10,13,19,16,18,21,12,12,19,,,29.544606108886,106.53063501341
李,回,安徽,阜阳,,,O2a1c1a*,"002611+, F11+",15,12,15,24,11,13,12,14,10,11,20,14,18,24,12,14,17,,,32.90121133056961,115.82093225904637
李,回,安徽,六安,O2a2b1*,"M134+, M117-",,,15,12,17,23,11,12,12,14,10,11,18,15,19,19,12,12,12,,,31.755558355198,116.50525268298
郦,汉,浙江,绍兴,,,O2a1c*,002611+,17,13,16,22,10,14,12,14,10,11,20,15,17,22,11,12,18,,,30.002364580528,120.59246738555
梁,汉,安徽,亳州,,,Q1a1,"M120+, N14+",13,14,16,24,9,14,14,14,12,11,19,16,15,22,10,15,20,,,33.871210565302,115.78792824512
梁,汉,广东,佛山,O1a1a*,P203+,,,14,12,18,23,10,14,13,14,10,12,18,15,15,21,13,13,14,,,23.035094840514,113.13402563539
梁,汉,广东,湛江,,,O1b1a1*,PK4+,15,13,16,24,11,13,14,14,11,12,19,16,15,21,11,15,20,,,21.257463103764,110.36506726285
梁,汉,四川,雅安,,,O2a1c1a*,"002611+, F11+",17,13,15,25,10,13,12,14,10,12,19,14,18,24,13,14,19,,,29.999716337066,103.00935646635
廖,黎,海南,海南,,,O2a1c1a*,"002611+, F11+",17,13,17,25,10,13,12,14,10,11,19,14,18,20,11,12,12,,,19.180500801261,109.73375548794
林,汉,福建,福州,O2a2b1a1*,M117+,O2a2b1a1*,"M117+, F5+",14,12,16,23,10,14,12,15,11,12,20,15,19,20,12,16,18,,,26.047125496573,119.33022110713
林,汉,福建,福州,O2a2b1a1*,M117+,O2a2b1a1*,"M117+, F5+",14,12,15,25,10,14,12,15,11,12,20,16,17,20,12,13,17,,,26.047125496573,119.33022110713
林,汉,福建,泉州,O2a2b1a1*,M117+,,,16,12,16,24,10,14,12,15,11,12,20,15,18,20,12,14,18,,,24.901652383991,118.60036234323
林,汉,福建,三明,,,O2a1c1a*,"002611+, F11+",17,13,15,24,10,13,12,14,10,11,19,14,18,23,13,13,19,,,26.270835279362,117.64219393404
林,汉,广东,中山,,,N,M231+,14,13,16,23,11,15,13,14,10,11,19,15,16,21,12,12,13,,,22.545177514513,113.4220600208
林,汉,海南,海口,O2a2b1a1*,M117+,,,14,12,16,23,10,14,12,15,11,12,20,15,18,21,11,15,18,,,20.022071276952,110.33080184834
凌,汉,广东,梅州,O2a2b1a1*,M117+,,,14,13,16,26,10,14,13,15,11,12,20,16,16,21,12,13,18,,,24.304570606031,116.12640309837
刘,汉,安徽,安庆,,,O2a2b1a2a1*,"M134+, F444+, F46+",15,12,16,22,10,12,12,14,10,12,19,15,17,19,12,12,17,,,30.537897817381,117.05873877211
刘,汉,安徽,六安,Q1a1,"M120+, N14+",,,13,14,16,25,6,14,14,14,12,11,19,16,16,22,10,16,20,,,31.755558355198,116.50525268298
刘,汉,福建,龙岩,N,M231+,,,14,14,16,22,11,14,15,14,10,11,19,16,15,22,11,11,12,,,25.078685433515,117.01799673877
刘,汉,甘肃,酒泉,O1a1a*,P203+,,,16,12,15,23,11,14,13,14,10,11,18,17,16,19,12,13,13,,,39.74147376815896,98.50841450616744
刘,汉,广东,中山,O2a1a,M88+,O1b1a1*,PK4+,16,14,16,23,10,13,14,14,10,12,18,15,20,22,11,13,19,,,22.545177514513,113.4220600208
刘,汉,广西,桂林,,,O2a1c*,002611+,16,12,16,22,10,13,12,14,10,12,19,15,20,21,12,10,17,,,25.262901245955,110.26092014748
刘,汉,河北,邯郸,,,O2a2b1a1*,"M117+, F5+",14,12,16,23,10,14,12,14,11,12,19,15,18,21,12,13,19,,,36.609307928471,114.48269393234
刘,汉,河北,廊坊,N,M231+,N,M231+,14,14,17,23,10,16,13,14,10,13,19,16,14,22,12,11,11,,,39.518610625085,116.70360222264
刘,汉,河北,石家庄,Q1a1,"M120+, N14+",,,14,14,16,25,9,14,14,14,12,11,20,17,18,22,10,15,22,,,38.048958314615,114.52208184421
刘,汉,河北,石家庄,N,M231+,N,M231+,14,13,15,22,10,16,14,14,11,10,19,15,14.1,21,11,11,12,,,38.048958314615,114.52208184421
刘,汉,河南,漯河,O2a2b1a1*,M117+,,,14,12,16,23,10,14,12,14,11,11,20,15,17,20,12,13,19,,,33.576278688483,114.04606140023
刘,汉,吉林,通化,O2a2b1a1*,M117+,,,15,12,16,24,10,14,12,15,11,12,20,15,18,20,12,14,18,,,41.736397129868,125.94265013851
刘,汉,江苏,淮安,,,O2a2b1a2a1*,"M134+, F444+, F46+",15,12,16,24,10,12,13,15,10,12,20,15,19,20,12,12,16,,,33.606512739276,119.03018636466
刘,汉,江苏,宿迁,O2*,"M268+, PK4-, M176-",O2*,"M268+, PK4-, M176-",16,14,16,24,10,13,13,15,10,12,17,15,16,21,12,13,20,,,33.952049733709,118.29689337855
刘,汉,江苏,宿迁,,,O2*,"M268+, PK4-, M176-",15,14,16,24,10,13,13,14,10,11,17,15,17,21,12,13,20,,,33.952049733709,118.29689337855
刘,汉,江苏,徐州,O2a2b1*,"M134+, M117-",,,15,12,16,23,10,12,11,14,10,12,19,16,19,19,12,12,18,,,34.271553431092,117.18810662318
刘,汉,江苏,扬州,O2a1c*,002611+,,,15,12,16,24,10,13,12,14,10,12,19,17,17,22,11,12,18,,,32.408505254568,119.42777755117
刘,汉,江西,宜春,O2a2b1a1*,M117+,,,14,12,17,24,10,14,12,14,11,11,20,15,17,20,12,13,19,,,27.811129895843,114.40003867156
刘,汉,山东,临沂,,,O2a2b1a1*,"M117+, F5+",14,12,16,23,10,14,12,15,11,12,20,16,17,20,11,13,19,,,35.072409074391,118.34076823661
刘,汉,山东,烟台,O2a2b1*,"M134+, M117-",,,15,12,15,23,10,12,12,14,10,11,19,15,18,19,12,12,18,11,12,37.53656156286,121.30955503009
刘,汉,山东,枣庄,C,M130+,C3a,"M217+, F1144+",16,13,17,23,10,11,14,14,10,10,20,15,17,20,12,11,18,,,34.807883078386,117.2793053833
刘,汉,陕西,汉中,,,O2a*,M324+,16,12,17,23,10,13,13,15,10,11,20,14,19,22,11,13,17,,,33.081568978158,107.04547762873
刘,汉,陕西,西安,O2a1c*,002611+,,,13,12,16,25,10,13,12,14,10,12,19,14,17,22,11,12,18,,,34.277799897831,108.9530982792
刘,汉,陕西,咸阳,O2a2*,"P201+, M159-, M7-, P164-",O2a*,M324+,17,12,16,24,10,13,12,15,10,15,19,15,16,21,13,13,20,,,34.345372995999,108.7075092782
刘,汉,浙江,台州,,,O2a2b1a1*,"M117+, F5+",14,12,16,24,10,14,12,15,11,12,20,15,18,21,12,13,16,,,28.668283285674,121.44061293594
刘,满,黑龙江,齐齐哈尔,,,C3a,"M217+, F1144+",15,13,18,23,10,11,16,14,10,11,21,15,20,21,11,11,11,,,47.347699813366,123.98728894217
陆,汉,山东,济宁,,,O2a1c*,002611+,15,12,16,24,10,13,12,15,10,12,19,15,17,23,11,12,20,,,35.402121664331,116.60079762482
陆,汉,上海,上海,,,N,M231+,14,14,17,23,10,14,13,14,10,11,19,17,15,22,12,11,12,,,31.249161710015,121.48789948569
栾,汉,山东,威海,,,O2a1c1a*,"002611+, F11+",16,12,17,26,10,13,12,14,10,11,19,14,19,22,12,14,18,,,37.528787081251,122.09395836581
罗,汉,甘肃,天水,,,O1b1a1a*,"M95+, M88-",16,13,15,25,10,13,14,14,10,11,17,15,17,19,11,14,18,,,34.584319418869,105.73693162286
罗,汉,浙江,宁波,O2a1*,"L127+, 002611-",O,M175+,16,13,18,25,10,13,12,15,10,12,20,13,19,21,12,15,20,,,29.885258965918,121.57900597259
吕,汉,浙江,绍兴,,,O2a2b1*,"M134+, M117-",15,12,16,24,10,12,12,16,10,12,19,15,18,21,12,12,12,,,30.002364580528,120.59246738555
马,汉,安徽,合肥,,,N,M231+,14,14,16,23,10,15,14,14,11,10,19,14,17,22,12,11,13,,,31.866942260687,117.28269909168
马,汉,广东,汕尾,O2a1a,M88+,,,16,13,17,24,11,13,14,14,10,12,18,15,16,22,11,13,18,,,22.778730500164,115.3729242894
马,汉,河北,保定,O2a1*,"L127+, 002611-",,,15,14,16,24,10,12,12,15,10,11,21,13,17,22,13,15,20,,,38.886564548027,115.49481016908
马,汉,河南,洛阳,,,O2a2b1a1*,"M117+, F5+",14,12,16,24,10,14,12,15,11,12,20,15,17,20,11,13,18,,,34.657367817651,112.44752476895
马,汉,黑龙江,哈尔滨,,,O2a2b1a1*,"M117+, F5+",14,12,15,24,10,14,12,15,11,12,21,14,17,21,12,13,18,,,45.773224633239,126.65771685545
马,汉,江苏,苏州,O2a1c*,002611+,,,16,12,16,24,10,13,12,15,10,13,19,14,16,23,12,12,18,,,31.317987367952,120.61990711549
马,汉,山东,潍坊,C3,M217+,C3a,"M217+, F1144+",16,12,17,24,10,12,15,15,10,12,21,16,16,21,11,11,19,,,36.716114873051,119.14263382297
马,汉,山西,晋城,O2a2b1a1*,M117+,O2a2b1a1*,"M117+, F5+",14,13,16,24,10,14,12,15,11,12,del,15,17,20,12,14,14,,,35.499834467226,112.86733275751
马,汉,陕西,西安,,,O2a2b1a1*,"M117+, F5+",15,13,17,24,10,14,12,14,11,12,20,17,17,20,12,13,20,,,34.277799897831,108.9530982792
马,回,甘肃,兰州,O1a1a*,P203+,,,15,12,16,23,10,14,12,14,10,11,19,17,15,19,11,13,13,,,36.064225525043,103.82330544073
马,回,湖南,湘西,,,Q1a1,"M120+, N14+",13,14,16,24,9,14,14,15,12,11,19,15,15,22,10,15,22,,,28.317950793674,109.74574580039
马,回,宁夏,吴忠,O1b1a1a*,"M95+, M88-",,,15,12,16,24,10,13,13,14,10,11,18,15,18,25,10,14,18,,,37.993561002936,106.20825419851
马,回,青海,西宁,,,R1a1a,M17+,17,13,18,25,11,11,13,14,10,10,20,16,17,23,13,11,14,,,36.640738611958,101.7679209898
马,回,云南,大理,,,Q1a1,"M120+, N14+",13,14,17,24,9,14,14,14,12,10,19,15,16,22,10,15,22,,,25.693966622473,100.21920895422
毛,汉,河南,驻马店,,,O2*,"M268+, PK4-, M176-",15,14,16,23,10,13,14,14,10,11,21,15,16,23,11,13,16,,,32.983158154093,114.04915354746
毛,汉,湖北,孝感,O1a*,"M119+, P203-, M110-",,,15,13,17,23,10,12,15,14,10,12,17,16,14,21,12,12,14,,,30.927954784201,113.93573439207
毛,汉,浙江,衢州,O2*,"M122+, M324-",,,16,14,15,25,9,13,14,15,10,13,21,15,19,20,11,12,17,,,28.956910447536,118.87584165151
茆,汉,江苏,盐城,,,O2*,"M268+, P31+, PK4-, M176-",15,14,17,24,10,13,13,14,10,11,18,15,16,21,12,13,17,,,33.379861877121,120.14887181794
茅,汉,江苏,南通,,,O2a1c*,002611+,15,12,17,24,11,13,12,14,10,13,19,14,18,21,12,11,21,,,32.014664540823,120.87380095093
梅,汉,湖北,武汉,,,O2a2b1a2a1*,"M134+, F444+, F46+",15,12,15,23,10,12,12,15,10,12,19,15,19,20,12,12,16,,,30.581084126921,114.31620010268
梅,汉,江西,赣州,,,O1a1a*,P203+,15,12,16,23,11,14,13,14,10,11,18,16,15,19,13,13,13,,,25.845295536347,114.93590907928
孟,汉,安徽,淮北,O2*,"M122+, M324-",O2*,"M122+, M324-",14,14,16,25,11,13,12,15,10,12,20,17,17,21,11,14,18,,,33.960023305364,116.79144742863
莫,童,广西,河池,,,O,M175+,15,13,15,24,10,14,15,14,9,12,18,15,15,21,12,15,21,,,24.699520782873,108.06994770937
木,纳西,云南,丽江,,,N,M231+,14,14,16,23,11,14,13,14,11,11,19,15,15,21,12,11,12,,,26.875351089481,100.22962839888
穆,汉,山东,济南,,,O2*,"M122+, M324-",15,14,16,25,11,13,12,15,11,11,20,16,16,21,11,13,18,,,36.682784727161,117.02496706629
穆,满,北京,北京,O2a2b1a1*,M117+,,,14,12,17,23,10,14,12,14,11,12,21,16,18,20,11,13,19,,,39.92998577808,116.39564503788
倪,汉,江苏,南通,,,O1a1a*,P203+,15,12,16,23,10,14,13,14,10,12,18,15,14,22,12,12,13,,,32.014664540823,120.87380095093
欧,汉,安徽,六安,,,O2a1c1a*,"002611+, F11+",17,12,16,24,10,13,12,14,10,12,19,14,17,21,13,12,20,,,31.755558355198,116.50525268298
欧阳,汉,湖南,湘潭,,,O2a1c1a*,"002611+, F11+",16,12,16,25,10,13,12,14,10,12,19,15,17,20,12,12,19,,,27.835095052979,112.93555563303
潘,汉,江苏,苏州,,,O1a1a*,P203+,15,12,16,23,11,14,13,14,10,11,18,17,15,19,12,13,13,,,31.317987367952,120.61990711549
潘,汉,浙江,宁波,O2a1c*,002611+,,,17,12,16,25,10,13,12,15,10,13,19,15,18,21,12,13,21,,,29.885258965918,121.57900597259
潘,汉,浙江,绍兴,,,O1b1a1*,PK4+,16,13,16,25,11,13,13,14,10,14,17,15,17,23,11,13,19,,,30.002364580528,120.59246738555
彭,汉,福建,宁德,,,O2a2b1a1*,"M117+, F5+",14,12,15,25,10,14,12,15,11,12,20,16,16,20,12,13,19,,,26.656527419159,119.54208214972
彭,汉,江西,吉安,O2a*,"PK4+, M95-",,,15,14,17,24,10,13,14,14,10,12,18,15,17,21,11,12,20,11,12,27.113847650157,114.99203871092
彭,汉,江西,吉安,O2a1c*,002611+,,,17,12,16,24,10,13,12,14,10,11,20,15,16,22,11,11,20,,,27.113847650157,114.99203871092
彭,汉,辽宁,丹东,,,O2a*,M324+,16,12,18,24,10,13,12,15,10,14,20,14,15,20,12,13,22,,,40.129022826638,124.33854311477
皮,汉,江西,吉安,,,O1a1a*,P203+,15,12,17,23,10,14,13,14,10,13,18,16,15,19,12,13,13,,,27.113847650157,114.99203871092
齐,汉,河南,南阳,O2a2b*,"P164+, M134-",O2a*,M324+,15,12,17,25,10,13,13,15,11,10,19,14,20,21,12,12,17,,,33.011419569116,112.54284190051
怯,汉,河南,平顶山,N,M231+,N,M231+,14,12,16,23,10,14,13,14,10,10,18,15,15,24,12,13,13,,,33.745301456524,113.30084897798
秦,汉,辽宁,沈阳,O1a1a*,P203+,O1a1a*,P203+,14,12,17,23,11,14,13,14,10,12,18,18,15,19,12,13,13,,,41.808644783516,123.43279092161
秦,汉,山东,泰安,O2*,"M268+, PK4-, M176-",O,M175+,15,13,16,24,10,12,13,14,10,11,17,15,15,21,12,12,16,,,36.188077758948,117.08941491714
邱,汉,湖北,襄樊,O1a1a*,P203+,,,16,12,17,23,11,14,13,14,10,11,18,17,15,19,12,13,13,11,12,32.094933645821,112.17632579651
全,汉,上海,上海,,,O2a1c*,002611+,13,12,16,25,10,13,13,15,10,12,19,13,18,21,11,12,12,,,31.249161710015,121.48789948569
权,汉,陕西,渭南,E1b1b1c,M123+,E?,M96+,13,11,18,24,10,11,12,14,10,14,20,15,18,22,11,15,17,,,34.502357975829,109.48393269658
冉,汉,重庆,重庆,,,N,M231+,14,13,16,23,10,14,13,14,11,11,19,14,15,23,12,11,12,,,29.544606108886,106.53063501341
任,汉,江苏,南京,,,O2a2b1a2a1*,"M134+, F444+, F46+",14,12,17,23,11,12,12,15,10,12,19,15,17,20,11,12,16,,,32.057235501806,118.77807440803
任,汉,辽宁,朝阳,N,M231+,,,14,13,16,23,10,15,13,14,10,11,19,15,16,22,12,12,13,,,41.571827667857,120.44616270274
任,汉,山西,太原,O2a1c*,002611+,,,15,14,16,24,10,13,13,14,10,11,19,15,17,22,11,12,19,,,37.890277053968,112.55086358906
任,汉,四川,绵阳,,,C3a,"M217+, F1144+",16,14,17,23,10,11,14,14,10,11,20,15,15,21,11,12,19,,,31.504701258061,104.70551897529
茹,汉,浙江,宁波,,,N,M231+,15,13,16,22,10,15,13,14,10,11,19,15,17,21,12,12,12,,,29.885258965918,121.57900597259
阮,汉,湖北,咸宁,,,O2a1c1a*,"002611+, F11+",17,12,16,25,11,13,12,14,10,11,20,14,19,21,12,14,18,,,29.880656757728,114.30006059206
萨格斯,裕固,甘肃,张掖,,,Q1a3,"M346+, L53-",14,11,17,23,10,14,13,14,12,11,19,16,16,23,12,12,18,,,38.939320296982,100.45989186892
赛,回,宁夏,固原,R1,M306+,,,15,13,16,23,9,13,13,15,11,12,19,15,17,23,12,12,12,,,36.021523480709,106.28526799598
沙,回,安徽,合肥,O1a1a*,P203+,O1a1a*,P203+,14,12,16,23,10,14,13,14,10,13,18,16,16,22,12,13,14,,,31.866942260687,117.28269909168
沙,回,山东,聊城,R,M207+,,,16,13,17,25,10,11,13,14,11,10,20,14,15,23,11,11,14,,,36.455828514728,115.98686913929
沙,回,山东,聊城,,,C3a,"M217+, F1144+",16,13,16,22,10,11,15,14,10,11,21,14,15,21,11,12,17,,,36.455828514728,115.98686913929
沙,满,北京,北京,O1a1a*,P203+,,,15,12,16,23,11,14,13,14,10,11,19,15,15,19,12,13,13,,,39.92998577808,116.39564503788
邵,汉,​​江苏,南通,,,O2*,"M268+, P31+, PK4-, M176-",15,14,16,24,11,13,13,14,10,11,18,14,15,21,12,12,17,,,32.014664540823,120.87380095093
邵,汉,​​陕西,延安,O2a1c*,002611+,O2a1c1a*,"002611+, F11+",17,12,16,25,10,13,12,14,10,11,20,14,17,22,13,13,17,,,36.60332035226,109.50050975697
沉,汉,安徽,滁州,,,O1a*,M119+,15,12,15,24,10,14,13,14,10,13,20,15,16,20,12,12,14,,,32.317350595384,118.32457035098
沉,汉,江西,上饶,O2*,"M268+, P31+, PK4-, M176-",,,15,14,18,23,8,13,14,14,10,11,18,15,15,21,12,12,17,,,28.457622553937,117.95546387715
沉,汉,浙江,宁波,O2a2b1*,"M134+, M117-",,,17,12,18,23,10,12,12,16,10,12,19,15,19,19,12,11,17,,,29.885258965918,121.57900597259
师,汉,山西,运城,,,O2a*,M324+,16,12,18,24,10,13,13,14,10,12,20,14,18,24,12,12,18,,,35.038859479812,111.00685365308
石,侗,广西,桂林,O2a2a1a2*,M7+,,,17,12,16,24,10,13,12,15,10,11,20,15,19,23,12,13,21,,,25.262901245955,110.26092014748
石,汉,山东,滨州,,,O1b2,M176+,16,14,17,23,10,13,13,14,13,13,18,16,18,20,12,10,19,,,37.405313941826,117.96829241453
石,汉,天津,天津,,,O2a*,M324+,16,12,16,22,10,13,12,15,10,13,20,15,17,20,13,13,19,,,39.14392990331,117.21081309155
史,汉,甘肃,平凉,,,O2a2b1a1*,"M117+, F5+",14,12,16,24,10,15,12,14,11,12,20,15,17,20,12,13,17,,,35.550110190017,106.68891115655
史,汉,河南,南阳,,,O2a2b1a2a1*,"M134+, F444+, F46+",15,12,16,24,10,12,12,15,10,11,19,15,18,19,12,11,16,,,33.0114195691165,112.5428419005123
史,汉,江苏,无锡,,,C3a,"M217+, F1144+",15,13,16,23,10,11,15,14,10,11,21,15,13,23,11,12,18,,,31.570037451923,120.30545590054
史,汉,江苏,宿迁,,,O2a1c*,002611+,17,12,17,26,10,14,12,14,10,12,19,14,16,22,11,12,18,,,33.95204973370865,118.29689337855334
史,汉,江苏,徐州,,,O2a2b1a1*,"M117+, F5+",14,12,16,24,10,14,12,15,11,11,20,15,20,20,11,14,19,,,34.271553431092,117.18810662318
宋,汉,江苏,苏州,O2a1*,"L127+, 002611-",O2a1*,"L127+, 002611-",16,14,18,24,10,13,13,15,10,12,21,13,18,21,12,12,21,,,31.317987367952,120.61990711549
宋,汉,天津,天津,,,C3a,"M217+, F1144+",15,13,18,23,10,11,16,14,10,11,21,15,17,21,11,12,21,,,39.14392990331,117.21081309155
孙,汉,安徽,合肥,,,O2a2b1a2a1*,"M134+, F444+, F46+",15,13,18,23,10,12,12,14,10,14,20,15,17,20,12,12,16,,,31.866942260687,117.28269909168
孙,汉,甘肃,平凉,,,D1,M15+,15,13,16,24,10,10,12,14,10,11,19,15,20,20,11,15,16,,,35.550110190017,106.68891115655
孙,汉,河南,平顶山,,,N,M231+,14,14,17,23,10,14,13,14,10,12,19,16,14,23,12,11,13,,,33.745301456524,113.30084897798
孙,汉,吉林,延边,,,O2a2b1a2a1*,"M134+, F444+, F46+",15,12,15,23,10,13,12,15,10,12,19,16,15,20,12,10,16,,,42.896413603744,129.48590195816
孙,汉,江苏,无锡,O2a2b*,"P164+, M134-",,,15,12,16,24,11,13,12,15,10,14,20,15,18,21,11,12,17,,,31.570037451923,120.30545590054
孙,汉,山东,聊城,,,O2a1c1b1*,"002611+, F238+",15,13,15,20,10,14,12,15,10,11,19,17,18,20,12,11,11,,,36.455828514728,115.98686913929
孙,汉,浙江,杭州,,,O1a1a*,P203+,15,12,17,23,10,14,13,14,10,12,18,16,16,22,12,13,14,,,30.259244461536,120.21937541572
孙,汉,重庆,重庆,O1a1a*,P203+,O1a1a*,P203+,15,12,18,23,10,14,13,14,11,11,18,15,15,21,12,13,14,,,29.544606108886,106.53063501341
锁,回,云南,曲靖,,,O2a2b1a2a1*,"M134+, F444+, F46+",13,12,17,23,10,12,12,15,10,11,19,16,18,19,12,12,16,,,25.520758142871,103.78253888803
覃,土家,湖北,宜昌,O2a*,"PK4+, M95-",,,15,13,17,23,10,13,14,14,10,13,18,15,16,23,11,12,19,11,12,30.732757818026,111.31098109196
谭,汉,广东,江门,O2a2b1*,"M134+, M117-",,,14,12,16,24,10,12,12,15,10,13,19,17,19,20,12,11,16,,,22.575116783451,113.07812534115
谭,汉,重庆,重庆,,,O2a2b1a2a1*,"M134+, F444+, F46+",15,12,16,23,10,13,12,15,10,12,19,15,19,19,12,12,15,,,29.544606108886,106.53063501341
汤,汉,浙江,舟山,,,O2a1c1a*,"002611+, F11+",17,12,17,25,10,13,12,14,10,11,18,14,18,21,12,13,20,,,30.036010302554,122.16987209835
唐,汉,安徽,六安,,,O1a1a*,P203+,15,12,16,24,10,14,13,14,10,11,18,17,15,19,12,13,14,,,31.755558355198,116.50525268298
唐,汉,上海,上海,O1a2*,M110+,,,16,12,16,24,10,14,13,14,10,11,15,17,17,23,12,14,14,11,12,31.249161710015,121.48789948569
唐,汉,四川,巴中,,,O2a2b1a1*,"M117+, F5+",14,13,17,25,10,14,12,15,11,11,20,15,17,20,12,13,21,,,31.86918915916,106.75791584175
唐,汉,四川,遂宁,,,O1a1a*,P203+,15,12,17,23,10,14,13,14,10,12,15,16,15,21,13,13,14,,,30.55749135038,105.56488779226
陶,汉,甘肃,白银,,,O1a1a*,P203+,15,12,17,23,10,14,13,14,10,11,18,16,15,20,10,10,13,,,36.50182182871,104.2056493285
陶,汉,贵州,凯里,O2a2b1*,"M134+, M117-",,,16,12,16,23,10,12,12,15,10,13,19,15,16,19,10,12,17,,,26.631742332697,107.94823859489
陶,汉,江苏,盐城,O2a1c*,002611+,,,17,13,15,24,10,13,12,14,10,12,19,13,18,24,13,13,20,11,12,33.379861877121,120.14887181794
陶,汉,上海,上海,O2a1*,"L127+, KL1+, KL2+, M121-, M164-, 002611-",,,15,14,16,23,11,13,12,14,10,11,19,15,18,22,11,12,21,11,12,31.249161710015,121.48789948569
陶,汉,重庆,重庆,,,O1b1a1a*,M95+,16,13,17,25,11,13,13,14,10,12,18,15,18,22,12,12,18,,,29.544606108886,106.53063501341
滕,汉,广西,南宁,,,,,16,13,17,25,11,13,14,14,10,12,18,15,17,20,11,13,18,,,22.806492935603,108.29723355587
滕,汉,江苏,盐城,,,O2a2b1a1*,"M117+, F5+",14,12,15,24,10,14,12,15,11,13,20,15,18,20,12,13,21,,,33.379861877121,120.14887181794
田,汉,河南,许昌,,,D1a*,"N1+, N2-",15,12,16,24,10,10,12,14,10,11,19,15,21,20,11,16,16,,,34.026739588655,113.83531245979
田,汉,湖北,黄冈,,,O2a1c1a*,"002611+, F11+",15,12,16,25,10,13,12,14,9,12,20,14,16,21,11,13,18,,,30.446108937901,114.90661804658
田,汉,四川,遂宁,O1a1a*,P203+,,,15,12,17,23,10,14,13,14,10,13,18,15,15,21,12,13,13,,,30.55749135038,105.56488779226
田,汉,天津,天津,,,O2a2b1*,"M134+, F444+",15,12,15,23,10,12,13,15,10,11,19,15,18,21,11,12,17,,,39.14392990331,117.21081309155
田,苗,贵州,凯里,,,O1b1a1a*,"M95+, M88-",15,11,16,24,10,13,13,14,10,11,18,15,18,21,11,15,21,,,26.631742332697,107.94823859489
涂,汉,四川,德阳,,,O2a2b*,"P164+, M134-",15,12,18,24,10,13,12,15,9,10,del,15,15,21,12,12,18,,,31.131139652701,104.40239781824
万,汉,江苏,盐城,O2a2b1*,"M134+, M117-",,,15,12,16,23,10,12,12,14,10,12,19,14,18,19,12,12,17,,,33.379861877121,120.14887181794
万,汉,江西,南昌,,,O2a2b1a1*,"M117+, F5+",14,12,17,24,10,14,12,14,11,12,19,15,18,19,12,14,14,,,28.689578000141,115.89352754584
汪,汉,安徽,黄山,,,O2a1a1a1,M121+,15,13,19,23,10,13,12,14,10,11,19,14,17,20,11,12,19,,,30.27774589512,118.07754612726
王,汉,安徽,合肥,,,N,M231+,15,14,16,22,10,14,13,14,10,12,19,15,19,21,12,11,13,,,31.866942260687,117.28269909168
王,汉,安徽,淮北,,,O2a2b1a1*,"M117+, F5+",14,12,16,23,10,14,12,15,11,11,20,15,18,20,12,13,19,,,33.960023305364,116.79144742863
王,汉,安徽,宣城,Q,M242+,,,13,15,16,24,9,14,14,14,13,10,19,15,16,23,10,15,20,,,30.951642354296,118.75209631098
王,汉,北京,北京,,,O2a2b1a2a1*,"M134+, F444+, F46+",15,12,16,23,11,12,12,15,10,12,19,17,17,20,12,13,17,,,39.92998577808,116.39564503788
王,汉,甘肃,定西,,,R1b?,M343+,16,14,17,24,10,13,13,14,11,11,19,15,14,23,12,12,13,,,35.586056241828,104.62663760066
王,汉,甘肃,定西,,,O2a1c*,"002611+, F449+, F238-",13,12,16,25,10,13,13,14,10,12,19,14,18,22,12,12,12,,,35.586056241828,104.62663760066
王,汉,甘肃,平凉,,,O2a1c1a*,"002611+, F11+",17,13,16,23,10,14,12,14,10,11,20,15,18,22,11,12,17,,,35.550110190017,106.68891115655
王,汉,甘肃,天水,R,M207+,,,15,13,18,25,10,11,13,14,11,10,20,16,17,24,12,12,15,,,34.584319418869,105.73693162286
王,汉,海南,海南,,,O1b1a1a*,M95+,16,13,16,25,10,13,14,14,10,11,18,15,18,21,11,13,18,,,19.180500801261,109.73375548794
王,汉,海南,海南,,,O1a1a*,P203+,15,12,16,23,10,14,13,14,10,12,18,16,14,21,12,13,13,,,19.180500801261,109.73375548794
王,汉,河北,沧州,Q1a1,M120+,Q1a1,"M120+, N14+",13,13,16,24,9,14,14,14,12,11,18,14,17,22,10,15,21,,,38.297615350326,116.86380647644
王,汉,黑龙江,绥化,O2a2b1a1*,M117+,,,14,13,16,24,10,14,13,15,11,12,19,15,19,20,13,13,13,,,46.646063926997,126.98909457163
王,汉,湖北,黄冈,,,Q1a1,"M120+, N14+",13,14,16,25,9,14,13,14,12,12,19,15,17,22,10,15,21,,,30.446108937901,114.90661804658
王,汉,湖南,衡阳,,,O1a1a*,P203+,16,12,15,23,11,14,13,14,10,12,18,18,15,20,11,12,13,,,26.898164415358,112.58381881072
王,汉,湖南,邵阳,,,O2a2b1a1*,"M117+, F5+",14,12,16,24,11,14,12,15,11,11,19,15,19,21,12,13,17,,,27.236811244922,111.46152540355
王,汉,江苏,南通,,,C3a,"M217+, F1144+",16,14,16,23,10,11,14,14,10,12,21,16,15,21,11,10,20,,,32.014664540823,120.87380095093
王,汉,江苏,苏州,,,O2*,"M268+, P31+, PK4-, M176-",15,13,16,24,10,13,14,14,10,12,18,15,16,20,12,13,18,,,31.317987367952,120.61990711549
王,汉,江苏,泰州,,,C3a,"M217+, F1144+",15,13,16,23,10,11,15,14,10,11,21,15,16,21,11,12,17,,,32.47605327483,119.91960601619
王,汉,江苏,盐城,,,O2a2b1a2a1*,"M134+, F444+, F46+",15,12,16,23,10,13,12,15,10,12,19,15,18,19,12,12,16,,,33.379861877121,120.14887181794
王,汉,辽宁,沈阳,O2a2*,"P201+, M159-, M7-, P164-",O2a2*,"P201+, M7-, P164-",15,12,17,25,10,13,12,15,10,12,20,13,16,21,13,13,20,,,41.808644783516,123.43279092161
王,汉,山东,东营,,,O1b1a1a*,M95+,15,14,16,24,10,13,15,14,10,12,18,15,15,21,12,13,17,,,37.408666288041,118.61264305188
王,汉,山东,烟台,,,O2a2b1a1*,"M117+, F5+",14,12,16,24,10,14,12,15,11,12,20,15,17,19,12,13,20,,,37.53656156286,121.30955503009
王,汉,山西,长治,,,O2a1c1a*,"002611+, F11+",16,12,15,24,10,14,12,14,10,13,19,14,18,21,12,12,12,,,36.201664385743,113.12029208573
王,汉,山西,晋中,O2a1c*,002611+,,,15,12,16,26,10,13,12,14,10,13,20,14,18,21,12,12,19,,,37.69336152679759,112.73851439991773
王,汉,山西,吕梁,O2a2b1a1*,M117+,O2a2b1a1*,"M117+, F5+",14,12,16,24,11,14,12,15,11,12,20,15,17,20,del,14,18,,,37.527316096963,111.14315660235
王,汉,陕西,渭南,,,O2a2b1a1*,"M117+, F5+",13,12,16,24,10,14,12,15,11,11,20,15,17,21,12,13,18,,,34.502357975829,109.48393269658
王,汉,陕西,榆林,,,Q1a1,"M120+, N14+",13,14,15,25,10,15,14,14,11,11,19,16,18,22,10,15,21,,,38.279439240071,109.74592574433
王,汉,上海,上海,O2a2b*,"P164+, M134-",,,15,11,16,24,11,13,13,15,10,11,19,14,17,22,11,12,17,,,31.249161710015,121.48789948569
王,汉,上海,上海,,,C3a,"M217+, F1144+",16,15,15,23,11,11,14,14,10,13,21,15,17,21,11,11,19,,,31.249161710015,121.48789948569
王,汉,上海,上海,,,O2a2b1*,"M134+, F444+",15,12,16,24,10,12,12,15,11,12,18,17,16,21,12,13,16,,,31.249161710015,121.48789948569
王,汉,云南,红河,,,O2a1c*,002611+,15,14,16,24,10,13,12,14,10,11,20,15,17,24,11,12,19,,,23.367717516499,103.38406475716
王,汉,浙江,宁波,O2*,"M268+, P31+, PK4-, M176-",,,15,14,16,24,10,13,13,14,10,11,18,16,16,21,12,12,17,,,29.885258965918,121.57900597259
王,汉,浙江,宁波,,,O2a2b1a2a1*,"M134+, F444+, F46+",14,12,16,23,10,12,12,15,10,12,19,15,18,19,12,12,17,,,29.885258965918,121.57900597259
王,汉,浙江,温州,O2a2b1a1*,M117+,O2a2b1a1*,"M117+, F5+",14,12,16,26,10,14,12,15,11,12,20,15,17,20,12,13,19,,,28.002837594041,120.69063473371
韦,童,广西,柳州,D1*,"M15+, N1-",,,15,13,17,23,10,11,13,15,10,13,19,14,18,19,12,15,17,11,13,24.329053352467,109.42240181015
位,汉,山东,青岛,,,N,M231+,15,14,17,24,11,13,13,14,11,11,18,16,15,23,12,11,13,,,36.10521490127382,120.38442818368189
卫,汉,安徽,六安,,,O2a*,"PK4+, M95-",15,14,16,24,11,13,14,13,10,11,18,14,19,21,10,12,18,,,31.755558355198,116.50525268298
乌喇觉罗,满,辽宁,沈阳,,,O1a1a*,P203+,18,12,16,23,10,14,13,14,10,11,18,20,16,19,12,13,13,,,41.808644783516,123.43279092161
烏梁海,蒙古,內蒙古,赤峰,O2a2b1a1*,M117+,,,14,13,15,24,10,14,12,15,11,13,20,15,17,20,11,13,18,,,42.297112320317,118.93076119217
吴,汉,福建,福州,N1c1,"M178+, LLY22g+",,,14,14,16,24,11,14,13,16,10,10,18,14,17,20,11,11,11,11,12,26.047125496573,119.33022110713
吴,汉,广东,广州,O2a2b1*,"M134+, M117-",,,16,12,17,23,10,12,12,14,10,12,19,16,18,19,12,12,16,,,23.120049102076,113.30764967515
吴,汉,江苏,苏州,D1,M15+,,,14,13,17,24,10,11,13,15,11,11,19,15,15,19,12,15,15,,,31.317987367952,120.61990711549
吴,汉,江苏,无锡,,,O2a2b1a2a1*,"M134+, F444+, F46+",15,12,16,23,10,12,12,14,10,11,19,16,18,19,12,12,17,,,31.570037451923,120.30545590054
吴,汉,山东,济宁,,,C3a,"M217+, F1144+",17,12,15,23,10,11,14,14,10,12,23,15,17,21,11,12,16,,,35.402121664331,116.60079762482
吴,汉,四川,南充,O2a2b1*,"M134+, M117-",O2a2b1a2a1*,"M134+, F444+, F46+",15,12,17,23,10,13,12,15,10,12,19,15,17,19,12,13,17,,,30.800965168237,106.10555398379
吴,汉,浙江,丽水,,,O1a1a*,P203+,15,12,15,23,11,14,13,14,10,11,18,16,15,19,12,11,13,,,28.456299552144,119.92957584319
吴,汉,浙江,绍兴,C,M130+,C3b*,"M217+, F1396+",14,13,17,24,10,11,13,14,11,12,del,17,19,23,11,12,14,,,30.00236458052847,120.59246738555154
吴,汉,浙江,绍兴,,,C3a,"M217+, F1144+",15,14,16,24,10,11,13,14,10,11,21,15,15,21,11,11,21,,,30.002364580528,120.59246738555
吴,汉,浙江,绍兴,,,O2*,"M268+, P31+, PK4-, M176-",15,14,16,24,10,13,13,14,10,12,18,15,15,21,12,12,17,,,30.002364580528,120.59246738555
席,汉,山西,晋城,,,O2a1c*,"002611+, F238+",17,13,16,22,10,13,12,15,10,14,19,16,17,21,12,11,12,,,35.499834467226,112.86733275751
夏,汉,福建,宁德,,,O1a1a*,P203+,15,12,16,23,11,14,13,15,10,11,18,17,16,19,11,14,14,,,26.656527419159,119.54208214972
夏,汉,江苏,泰州,,,N,M231+,15,13,17,22,10,14,14,14,10,10,19,15,14,24,11,11,13,,,32.47605327483,119.91960601619
夏,汉,江苏,宿迁,,,O2a2b1a1*,"M117+, F5+",14,12,16,23,10,14,12,14,11,11,20,15,17,20,12,13,18,,,33.952049733709,118.29689337855
夏,汉,山东,济宁,C3a,"M217+, F1144+",C3a,"M217+, F1144+",15,13,16,23,10,11,14,14,10,11,21,16,16,21,12,11,19,,,35.402121664331,116.60079762482
夏侯,汉,湖南,益阳,O2a2*,"P201+, M159-, M7-, P164-",,,16,12,16,25,10,13,12,14,10,12,18,15,18,24,10,13,21,,,28.588087779887,112.36654664523
冼,汉,广东,肇庆,,,O2a2a1a1a*,M159+,15,13,16,24,10,13,12,15,10,12,19,15,18,21,11,13,22,,,23.078663282928925,112.4796533699162
萧,汉,安徽,阜阳,O2a1c*,002611+,,,15,12,16,25,11,13,12,14,10,12,19,14,18,21,11,12,21,,,32.90121133057,115.82093225905
谢,汉,广东,揭阳,Q1a1,"M120+, N14+",,,13,14,16,23,6,14,14,14,12,11,19,16,16,22,10,16,20,,,23.547999466926,116.37950085538
谢,汉,湖北,黄冈,,,O1a1a*,P203+,15,12,17,23,11,14,13,13,10,11,18,16,16,19,12,13,13,,,30.446108937901,114.90661804658
谢,汉,湖南,永州,,,Q1a1,"M120+, N14+",13,14,16,24,9,14,13,14,12,12,19,16,16,22,10,"17,17","20,21",,,26.435971646759,111.61464768616
谢,汉,江西,宜春,,,O1a1a*,P203+,15,12,18,24,10,14,13,14,10,11,18,16,15,20,11,13,14,,,27.811129895843,114.40003867156
谢,汉,浙江,丽水,,,O1b1a1a*,M95+,17,13,17,25,11,13,13,14,11,11,18,15,18,22,11,14,18,,,28.456299552144,119.92957584319
谢,汉,浙江,宁波,,,C3a,"M217+, F1144+",16,13,17,23,10,11,14,14,10,12,21,16,16,21,11,11,17,,,29.885258965918,121.57900597259
谢,汉,重庆,重庆,,,R1a1,M17+,17,13,19,25,11,11,13,14,11,11,20,16,15,23,12,12,14,,,29.544606108886,106.53063501341
辛,汉,河北,邢台,R1,M306+,,,15,13,18,24,11,11,14,14,11,10,20,15,15,23,12,11,15,,,37.069531196912,114.52048681294
邢,汉,陕西,渭南,,,O2a1c*,"002611+, F238+",15,13,15,22,10,14,13,14,10,11,19,15,18,21,11,11,13,,,34.502357975829,109.48393269658
熊,汉,江西,宜春,,,O1b1a1a*,"M95+, M88-",15,13,16,24,11,13,14,14,10,12,18,14,18,22,10,"13,13","15,18",,,27.811129895843,114.40003867156
胥,汉,山东,潍坊,,,O2a2b1a1*,"M117+, F5+",14,12,16,24,10,16,12,15,11,12,20,15,19,20,12,13,13,,,36.716114873051,119.14263382297
徐,汉,安徽,合肥,,,O2a2b1a1*,"M117+, F5+",15,13,16,24,10,13,12,14,11,11,20,16,18,20,14,13,20,,,31.866942260687,117.28269909168
徐,汉,湖北,武汉,O1a1a*,P203+,,,15,12,17,23,10,14,13,14,10,11,18,16,15,19,12,13,13,,,30.581084126921,114.31620010268
徐,汉,江苏,连云港,,,O2a1c*,002611+,16,12,16,24,10,12,12,14,10,13,19,14,20,22,10,12,19,,,34.60154896701,119.17387221742
徐,汉,江苏,泰州,O2*,"M268+, P31+, PK4-, M176-",,,14,14,15,23,10,13,14,14,10,12,18,15,17,21,12,13,17,,,32.47605327483,119.91960601619
徐,汉,江苏,扬州,O2a2b1a1*,M117+,,,14,13,16,24,10,14,13,15,11,13,20,14,19,20,12,13,18,,,32.408505254568,119.42777755117
徐,汉,江西,九江,O2a2b1a1*,M117+,O2a2b1a1*,"M117+, F5+",14,14,17,23,10,14,12,15,11,11,20,15,19,20,12,14,18,,,29.719639526122,115.99984802155
徐,汉,山东,东营,,,O2*,"M268+, P31+, PK4-, M176-",15,14,17,23,11,13,14,14,10,11,18,15,16,22,13,12,17,,,37.408666288041,118.61264305188
徐,汉,上海,上海,,,O2a2a1a2*,M7+,16,12,16,24,10,13,14,15,10,11,19,14,18,22,13,14,23,,,31.249161710015,121.48789948569
徐,汉,重庆,重庆,,,D1,M15+,14,13,16,25,10,11,12,14,10,10,17,15,18,22,11,14,18,,,29.544606108886,106.53063501341
颜,汉,江苏,南通,,,O1a1a*,P203+,15,12,18,23,10,14,13,14,10,11,18,16,15,22,10,13,13,,,32.014664540823,120.87380095093
严,汉,上海,上海,C3*,"M217+, M93-, P39-, M48-, M407-, P53-",,,16,13,16,23,10,11,15,14,10,11,21,16,16,21,11,11,11,,,31.249161710015,121.48789948569
严,汉,天津,天津,O2a2b1a1*,"M117+, M133+",,,14,12,14,24,10,14,12,15,11,13,20,15,17,20,12,13,20,11,10,39.14392990331,117.21081309155
杨,白,云南,大理,,,O2a2*,"P201+, M7-, P164-",15,13,17,23,10,13,13,15,10,11,20,15,17,20,11,13,24,,,25.693966622473,100.21920895422
杨,汉,安徽,合肥,,,O2a2a1a2*,M7+,16,12,16,23,10,13,12,15,10,12,21,17,17,21,12,13,21,,,31.866942260687,117.28269909168
杨,汉,广东,潮州,,,O2a2b1a1*,"M117+, F5+",14,12,16,24,10,14,12,14,11,13,20,15,18,20,12,13,16,,,23.661811676517,116.63007599086
杨,汉,湖北,孝感,,,O2a2b1a1*,"M117+, F5+",14,12,16,25,10,14,12,15,11,12,20,15,16,20,13,13,19,,,30.927954784201,113.93573439207
杨,汉,湖南,湘潭,,,O2a2b1a1a1a1,F316+,14,12,16,23,10,14,12,14,12,11,20,15,17,20,12,13,19,,,27.835095052979,112.93555563303
杨,汉,吉林,白山,,,O2a2*,"P201+, M7-, P164-",15,13,17,24,11,13,13,15,10,12,20,15,17,19,11,13,24,,,41.945859397018,126.43579767535
杨,汉,江苏,常州,C3a,"M217+, F1144+",C3a,"M217+, F1144+",16,12,15,25,10,11,14,14,8,13,21,16,16,21,11,11,17,,,31.771396744684,119.98186101346
杨,汉,江苏,南京,O2a2b1a1*,M117+,,,14,13,17,24,9,14,12,14,11,12,20,15,17,20,12,12,13,,,32.057235501806,118.77807440803
杨,汉,江苏,苏州,O2a2b1*,"M134+, M117-",,,15,12,16,24,10,12,12,16,10,11,18,16,19,24,11,11,18,11,12,31.317987367952,120.61990711549
杨,汉,上海,上海,,,O1a1a*,P203+,15,12,17,23,10,14,13,14,10,11,18,16,15,19,13,13,14,,,31.249161710015,121.48789948569
杨,汉,四川,广安,O2a1*,"L127+, 002611-",O2a*,M324+,17,14,16,24,10,13,12,15,10,12,21,13,18,22,12,15,21,,,30.599249987199,106.75891196362
杨,回,山东,潍坊,,,N,M231+,14,13,15,24,10,16,13,14,10,11,19,15,17,22,12,11,11,,,36.716114873051,119.14263382297
杨,瑶,广西,南宁,O2a2a1a2*,M7+,,,16,12,16,24,10,13,12,15,10,10,20,15,19,23,12,13,20,11,12,22.806492935603,108.29723355587
姚,汉,浙江,舟山,,,O1a1a*,P203+,15,12,16,23,11,14,13,14,10,11,18,17,16,19,12,13,13,,,30.036010302554,122.16987209835
叶,汉,浙江,宁波,,,O2a2b1a1*,"M117+, F5+",14,12,17,24,10,14,12,15,11,12,20,15,18,20,12,15,18,,,29.885258965918,121.57900597259
叶,汉,浙江,温州,,,O2a2b1a2a1*,"M134+, F444+, F46+",15,12,16,23,10,12,12,15,10,12,19,16,18,19,12,12,16,,,28.002837594041,120.69063473371
尹,汉,四川,遂宁,O1b1a1a*,"M95+, M88-",,,15,14,16,24,11,13,14,14,10,11,18,15,16,21,11,13,17,,,30.55749135038,105.56488779226
应,汉,浙江,金华,O2a2b1a1*,M117+,,,14,12,15,24,10,14,12,15,11,12,20,15,20,20,12,13,16,,,29.102899105391,119.65257570368
于,汉,山东,烟台,O2a2b1*,"M134+, M117-",O2a2b1a2a1*,"M134+, F444+, F46+",17,12,17,23,10,12,12,15,10,13,19,15,18,19,13,12,17,,,37.53656156286,121.30955503009
余,汉,海南,海南,,,N,M231+,15,14,18,23,10,15,13,14,11,11,19,16,15,21,12,11,12,,,39.29620947939178,106.92539717866242
余,汉,河南,驻马店,,,O2a1*,"L127+, 002611-",15,13,17,24,10,13,13,14,10,11,19,15,17,21,11,12,19,,,32.983158154093,114.04915354746
余,汉,浙江,金华,,,O1a1a*,P203+,15,12,17,23,11,14,13,14,10,11,19,15,15,19,12,13,14,,,29.102899105391,119.65257570368
郁,汉,浙江,湖州,,,O2a1c1a*,"002611+, F11+",16,12,16,25,10,13,12,14,10,13,19,14,19,21,11,13,18,,,30.877925155691,120.13724316328
喻,汉,湖北,孝感,O2a*,"PK4+, M95-",O2a*,"PK4+, M95-",15,13,16,23,11,13,14,14,10,13,18,15,17,23,11,12,21,,,30.927954784201,113.93573439207
袁,汉,河北,石家庄,Q1a1,"M120+, N14+",,,13,13,16,24,9,14,14,14,12,12,19,14,17,22,10,15,23,,,38.048958314615,114.52208184421
袁,汉,浙江,宁波,O2a*,"PK4+, M95-",,,15,13,17,23,10,15,14,14,10,11,18,15,16,21,12,12,18,,,29.885258965918,121.57900597259
原,汉,河南,焦作,,,O2a1c1a*,"002611+, F11+",16,12,16,25,10,13,12,14,10,13,19,15,17,22,12,12,12,,,35.234607554986,113.21183588499
章,汉,福建,南平,,,O2a2b1a1*,"M117+, F5+",14,13,16,24,11,14,12,14,11,11,20,15,18,20,12,13,17,,,26.643626474198,118.18188294866
章,汉,浙江,绍兴,,,O2a*,M324+,14,12,16,25,10,13,12,15,10,12,20,15,19,22,12,13,19,,,30.002364580528,120.59246738555
张,汉,安徽,亳州,,,Q1a1,"M120+, N14+",13,14,16,24,9,14,14,14,12,12,18,16,16,22,10,16,18,,,33.871210565302,115.78792824512
张,汉,安徽,芜湖,,,O2a2b1a1*,M117+,14,13,17,24,10,14,12,15,11,14,20,15,17,21,12,14,19,,,31.366019787543,118.38410842323
张,汉,安徽,宣城,,,O2a1c*,002611+,15,14,17,22,10,13,12,15,10,12,18,16,16,21,12,11,11,,,30.951642354296,118.75209631098
张,汉,河北,保定,,,O2a1c1a*,"002611+, F11+",16,12,18,25,10,13,12,14,10,11,20,14,20,22,12,14,18,,,38.886564548027,115.49481016908
张,汉,河北,保定,,,O2a2b1a2a1*,"M134+, F444+, F46+",14,12,17,23,11,12,12,15,10,12,19,16,18,20,12,11,16,,,38.886564548027,115.49481016908
张,汉,河北,石家庄,,,O2a2b1a1a1a1,"M117+, F5+, F155+",14,12,16,23,10,14,12,14,11,11,20,14,16,20,12,13,19,,,38.048958314615,114.52208184421
张,汉,湖北,黄冈,,,O2a2b1a1*,"M117+, F5+",14,12,16,24,10,14,12,15,11,12,20,15,17,20,12,13,19,,,30.446108937901133,114.9066180465751
张,汉,江苏,常州,O2a2b1a1*,M117+,O2a2b1a1*,"M117+, F5+",14,12,16,25,10,14,12,15,11,12,20,15,19,20,12,13,17,,,31.771396744684,119.98186101346
张,汉,江苏,常州,C3a,"M217+, F1144+",C3a,"M217+, F1144+",15,13,16,23,10,11,15,14,10,11,21,15,18,21,11,11,17,,,31.771396744684,119.98186101346
张,汉,江苏,苏州,N,M231+,,,14,14,16,23,11,15,13,14,11,11,19,14,17,24,12,11,13,,,31.317987367952,120.61990711549
张,汉,江苏,宿迁,O1a1a*,P203+,O1a1a*,P203+,15,12,17,23,11,14,13,14,10,11,18,16,16,19,12,13,13,,,33.952049733709,118.29689337855
张,汉,江苏,徐州,,,O2a1c*,002611+,16,13,16,22,10,14,12,14,10,11,19,16,17,20,12,11,11,,,34.271553431092,117.18810662318
张,汉,辽宁,丹东,,,C3a,"M217+, F1144+",15,13,17,23,10,11,14,14,10,12,21,16,16,21,11,12,15,,,40.129022826638,124.33854311477
张,汉,山东,济南,,,O2a2b1a2a1*,"M134+, F444+, F46+",15,12,17,24,10,12,12,15,10,11,20,15,18,19,12,13,19,,,36.682784727161,117.02496706629
张,汉,山东,潍坊,,,O2*,"M268+, P31+, PK4-, M176-",15,14,17,24,10,13,14,14,10,11,18,15,15,21,12,12,17,,,36.716114873051,119.14263382297
张,汉,山东,潍坊,,,O2*,"M122+, M324-",14,13,17,25,10,13,12,15,11,12,21,15,17,21,11,13,18,,,36.716114873051,119.14263382297
张,汉,山东,烟台,,,Q1a1,"M120+, N14+",13,14,16,24,9,14,13,14,13,11,19,17,16,22,10,17,20,,,37.53656156286,121.30955503009
张,汉,陕西,咸阳,,,C3a,"M217+, F1144+",15,14,15,23,10,11,15,14,10,12,21,15,17,20,11,11,19,,,34.345372995999,108.7075092782
张,汉,上海,上海,O2*,"M122+, M324-",O2*,"M122+, M324-",12,13,17,25,11,13,13,14,10,9,20,15,20,20,11,11,21,,,31.249161710015,121.48789948569
张,汉,四川,德阳,,,O2a2b1a1*,"M117+, F5+",14,12,16,23,10,14,12,14,11,13,20,15,20,20,12,14,18,,,31.131139652701,104.40239781824
张,满,辽宁,大连,,,O2a2b1a1*,"M117+, F5+",14,12,17,24,10,14,13,15,11,12,20,15,16,20,12,13,20,,,38.948709938304,121.59347778144
张,童,云南,文山,O1b1a1a*,"M95+, M88-",O1b1a1a*,M95+,15,12,16,24,10,13,15,14,10,11,18,13,18,24,10,14,16,,,23.416009535072,104.03093981246
赵,汉,安徽,安庆,O1a1a*,P203+,,,15,12,16,23,11,14,13,14,10,11,18,17,15,19,14,12,13,,,30.537897817381,117.05873877211
赵,汉,北京,北京,,,O2a2b1a1*,"M117+, F5+",14,12,16,23,10,14,12,14,11,12,20,15,17,20,11,13,19,,,39.92998577808,116.39564503788
赵,汉,河北,唐山,O2a2b1*,"M134+, M117-",,,15,12,17,24,10,12,12,15,11,12,20,15,20,22,12,12,12,,,39.650530922537,118.18345059773
赵,汉,河南,新乡,,,O2a2b1a2a1*,"M134+, F444+, F46+",16,12,16,23,10,12,12,15,10,12,19,15,17,19,12,12,19,,,35.307257557661,113.91269016082
赵,汉,山东,德州,,,C3a,"M217+, F1144+",15,13,16,23,10,11,15,14,10,11,21,15,17,21,12,11,20,,,37.460825926305,116.32816136356
赵,汉,山东,枣庄,C3a,"M217+, F1144+",C3a,"M217+, F1144+",16,14,17,23,10,11,14,14,10,11,21,16,16,21,11,10,17,,,34.807883078386,117.2793053833
赵,汉,浙江,宁波,,,C3a,"M217+, F1144+",15,13,17,25,10,11,14,14,10,12,22,16,16,22,11,11,18,,,29.885258965918,121.57900597259
赵,汉,浙江,绍兴,O1a1a*,P203+,,,15,12,18,23,11,14,13,14,10,11,18,15,17,19,12,13,13,,,30.002364580528,120.59246738555
赵,汉,浙江,绍兴,,,H,M69+,15,13,17,22,10,11,12,14,9,11,19,16,17,21,12,14,17,,,30.002364580528,120.59246738555
赵,汉,浙江,温州,O2a2*,"P201+, M7-, 002611-",,,15,13,17,24,10,13,13,15,10,11,20,15,18,21,11,13,28,11,12,28.002837594041,120.69063473371
郑,汉,福建,福州,R1a1a*,"M17+, M198+, M434-, M458-",,,16,13,16,25,11,11,13,14,11,11,20,16,16,23,13,11,15,12,12,26.047125496573,119.33022110713
郑,汉,宁夏,固原,G,M201+,,,14,12,16,23,10,11,14,15,10,12,20,14,18,21,12,14,14,,,36.021523480709,106.28526799598
郑,汉,山西,晋中,O2a1c*,002611+,,,16,14,16,24,10,13,12,14,10,11,20,14,17,24,12,14,18,,,37.693361526798,112.73851439992
支,汉,江苏,苏州,O1a1a*,P203+,O1a1a*,P203+,16,13,16,23,11,14,13,15,10,12,19,16,15,20,11,13,14,,,31.317987367952,120.61990711549
钟,汉,广东,湛江,,,O1a1a*,P203+,15,12,15,23,11,14,13,14,10,14,18,16,14,22,12,13,13,,,21.257463103764316,110.36506726285033
钟,汉,重庆,重庆,,,O1a1a*,P203+,15,12,16,23,10,14,13,14,10,11,18,17,15,20,11,13,13,,,29.544606108886,106.53063501341
周,汉,广东,佛山,,,O1a1a*,P203+,14,12,17,23,10,14,13,14,10,11,18,16,15,19,12,13,13,,,23.035094840514,113.13402563539
周,汉,广东,汕头,O2a2b1a1*,M117+,,,15,12,16,24,10,14,12,15,11,12,20,15,18,20,12,14,18,,,23.383908453269,116.72865028834
周,汉,湖南,衡阳,O2a1c*,002611+,,,15,12,17,25,10,13,12,14,10,12,19,13,18,22,13,13,19,,,26.898164415358,112.58381881072
周,汉,江苏,泰州,O1a1a*,P203+,O1a1a*,P203+,17,12,15,23,11,14,13,14,10,11,18,17,15,20,12,12,13,,,32.47605327483,119.91960601619
周,汉,江苏,徐州,,,O2a2b1a2a1*,"M134+, F444+, F46+",15,12,16,23,10,12,12,14,10,12,19,14,17,20,11,12,16,,,34.271553431092,117.18810662318
周,汉,山东,泰安,,,O2a2b1a2a1*,"M134+, F444+, F46+",15,12,16,25,10,12,12,15,10,12,19,15,19,19,12,13,16,,,36.188077758948,117.08941491714
周,汉,四川,成都,,,O2a2b1a1a1a1,F316+,14,12,16,23,10,14,12,14,11,11,20,15,17,20,12,13,19,,,30.67994284542,104.0679234633
周,汉,浙江,海盐,,,O2a2b*,"P164+, M134-",15,12,17,24,10,13,12,15,9,10,del,15,14,22,13,12,18,,,30.526042585394,120.88557558868
周,汉,重庆,重庆,O1a1a*,P203+,,,15,12,16,23,10,15,13,14,11,12,18,15,15,21,11,13,14,,,29.544606108886,106.53063501341
朱,汉,安徽,蚌埠,O2a2b1*,"M134+, M117-",,,15,13,17,22,11,12,12,14,10,11,19,15,17,19,11,12,17,,,32.929498906698,117.35707986588
朱,汉,江苏,苏州,O2*,"M268+, P31+, PK4-, M176-",,,15,14,15,24,10,13,14,14,10,11,18,15,15,21,12,12,17,,,31.317987367952,120.61990711549
朱,汉,江苏,无锡,,,O2a*,M324+,15,14,18,24,10,13,13,15,10,12,21,13,19,21,12,14,22,,,31.570037451923,120.30545590054
朱,汉,江苏,徐州,,,O2a2b1a2a1*,"M134+, F444+, F46+",15,12,17,22,11,12,12,15,10,11,19,15,17,19,12,12,17,,,34.271553431092,117.18810662318
朱,汉,山东,菏泽,,,O2a*,"PK4+, M95-",14,13,19,23,10,13,14,14,10,11,18,15,18,21,11,12,19,,,35.262440496075,115.46335977453
朱,汉,山东,莱芜,,,O2*,M122+,15,13,15,24,10,13,12,14,11,13,20,15,15,21,11,13,19,,,36.233654133647,117.68466691247
朱,汉,上海,上海,,,O2a2b1a1*,"M117+, F5+",14,12,17,24,10,14,12,15,11,13,20,14,18,21,12,13,16,,,31.249161710015,121.48789948569
祝,汉,上海,上海,,,O2a2b1a2a1*,"M134+, F444+, F46+",15,12,17,21,10,12,12,15,10,12,19,15,19,19,12,12,13,,,31.249161710015,121.48789948569
庄,汉,福建,莆田,,,N,M231+,14,13,15,23,10,14,13,14,10,11,19,17,15,23,12,11,11,,,25.448450136734,119.07773096396
邹,汉,江西,宜春,O2a1c*,002611+,,,15,13,17,25,9,13,12,14,10,10,20,14,17,23,12,14,18,,,27.811129895843,114.40003867156
左,汉,湖北,武汉,,,N,M231+,14,13,15,22,10,14,14,14,10,11,19,15,15,21,11,11,13,,,30.581084126921,114.31620010268
左,汉,湖南,长沙,,,O2a*,"PK4+, M95-",15,14,17,24,10,13,14,14,10,12,18,15,17,22,11,12,21,,,28.213478230853,112.97935278765
,蒙古,新疆,巴音郭楞,,,C3*-star,"F3273+, F3757+, F3791+",16,13,16,25,10,11,13,14,10,10,22,15,18,21,11,12,12,,,42.855577265359,83.755042849461
,维吾尔,新疆,吐鲁番,J1,M267+,J,M304+,14,13,18,24,10,11,12,14,10,11,20,16,18.2,20,12,13,16,,,42.678924820794,89.266025488642
,维吾尔,新疆,吐鲁番,,,R1a1a,M17+,16,13,17,25,11,11,13,14,11,10,20,17,19,23,12,11,16,,,42.678924820794,89.266025488642
