近祖姓,民族,省份,地級,支系,SNP,估支系,估SNP,DYS19,DYS389I,DYS389b,DYS390,DYS391,DYS392,DYS393,DYS437,DYS438,DYS439,DYS448,DYS456,DYS458,DYS635,H4,DYS385a,DYS385b,DYS426,DYS388
？,汉,河北,衡水,O1b1a1a*,"M95+, M88-",,,15,14,17,24,10,11,14,14,11,11,18,16,16,20,10,13,17,,
？,汉,山东,,O2a2b1a1*,M117+,,,14,13,16,24,10,14,12,15,11,11,20,16,18,20,12,13,19,,
？,汉,重庆,重庆,O2a2b1a1*,M117+,,,14,12,16,25,10,12,12,14,11,12,20,16,20,20,12,13,14,,
？,满,辽宁,沈阳,C3b*,"M217+, F1396+",,,15,13,16,25,10,11,13,14,10,11,22,15,18,21,11,11,12,,
爱新觉罗,满,北京,北京,C3b*,"M217+, F1396+",C3,M217+,15,13,16,24,10,11,14,14,10,11,21,15,19,23,11,12,12,,
爱新觉罗,满,辽宁,本溪,,,C3a,"M217+, F1144+",15,14,16,24,10,11,14,14,11,11,20,15,16,21,12,11,20,,
爱新觉罗,满,辽宁,沈阳,C3b*,"M217+, F1396+",C3b2b1*,M401+,15,13,16,24,10,11,14,14,10,11,21,16,18,23,11,12,12,,
敖,汉,湖南,岳阳,O2a*,"M122+, M324-",,,15,13,15,25,9,13,14,14,10,13,22,15,17,21,10,12,18,,
白,满,辽宁,抚顺,C3b*,"M217+, F1396+",C3b2a,"F3273+, F3757+, F3791+",16,13,16,24,10,11,13,14,10,11,22,15,18,22,11,12,12,,
包,汉,浙江,宁波,,,O2*,"M268+, P31+, PK4-, M176-",15,14,16,24,10,13,14,14,10,10,18,15,15,21,12,12,16,,
包,蒙古,内蒙古,赤峰,O2a2*,"P201+, M7-, P164-",,,15,12,18,24,10,13,12,15,10,11,20,15,17,21,12,20,21,,
包,蒙古,内蒙古,通辽,O2a1c*,002611+,,,16,12,16,24,10,13,12,13,10,11,20,14,18,22,12,13,13,,
贝,汉,江苏,苏州,O1a1a*,P203+,,,15,12,16,23,11,14,13,14,10,11,18,15,15,19,12,13,13,,
博尔济吉特,满,北京,北京,,,C3a1a,"F1144+, M407+",15,13,15,23,10,11,14,14,10,11,21,15,18,22,11,11,11,,
蔡,汉,福建,三明,,,O2*,"M268+, P31+, PK4-, M176-",16,14,16,24,10,13,14,14,10,12,18,15,15,21,12,12,18,,
蔡,汉,江苏,南通,O2a2b1*,"M134+, M117-",,,15,12,15,23,10,12,14,15,10,12,19,15,18,20,12,12,12,,
蔡,汉,上海,上海,,,O1a1a*,P203+,16,12,15,23,11,14,13,14,10,12,18,17,15,20,12,12,13,,
蔡,汉,云南,临沧,,,O2a2b1a1*,"M117+, F5+",14,12,16,23,10,14,12,15,11,12,20,15,18,20,12,14,19,,
曹,汉,安徽,淮南,O2a2b1a1*,M117+,,,14,12,16,24,10,14,13,15,10,"11,12,13",21,15,17,20,11,13,19,,
曹,汉,河北,衡水,R1,M306+,,,16,13,18,25,10,11,13,14,11,10,19,15,15,23,11,11,14,,
曹,汉,江苏,淮安,,,R1a1a,M17+,15,13,18,25,11,11,13,14,11,11,20,18,15,23,12,11,14,,
曹,汉,江苏,苏州,,,O1a*,"M119+, P203-, M110-",16,12,16,23,10,13,12,14,10,13,20,17,16,20,12,12,14,,
曹,汉,江苏,盐城,,,N,M231+,14,14,17,23,10,14,13,14,11,12,19,16,18,21,12,11,12,,
曹,汉,江西,宜春,,,O2a*,"PK4+, M95-",15,13,16,23,10,13,14,14,10,13,18,15,17,21,11,12,21,,
曹,汉,内蒙古,包头,Q1a1,"M120+, N14+",,,13,14,17,24,6,14,15,14,12,11,19,18,17,22,10,16,20,,
曹,汉,上海,上海,,,O1a1a*,P203+,15,12,17,23,11,14,13,14,10,11,18,17,15,19,12,13,13,,
曹,汉,四川,广安,,,Q1a1,"M120+, N14+",13,14,16,24,6,14,14,14,12,11,19,16,17,22,10,16,19,,
曹,汉,浙江,台州,O1a*,"M119+, P203-, M110-",,,15,12,17,23,10,12,14,14,10,12,17,17,14,21,12,12,14,,
岑,汉,海南,三亚,,,O2a2b1a1*,"M117+, F5+",15,12,16,23,10,14,12,14,11,12,20,14,16,20,12,13,17,,
曾,汉,广东,揭阳,O2a2b1*,"M134+, M117-",,,15,13,16,23,10,12,12,15,10,12,20,16,17,20,12,14,16,,
曾,汉,湖北,荆州,O2a1c*,002611+,,,15,12,16,25,10,13,12,14,10,12,19,15,17,20,12,12,19,,
曾,汉,湖北,武汉,,,O2a1c1a*,"002611+, F11+",16,12,16,26,10,13,12,14,10,12,19,15,17,22,12,12,19,,
曾,汉,湖北,襄樊,,,O2a1c1a*,"002611+, F11+",16,12,16,25,9,13,12,14,10,12,19,14,17,22,12,12,19,,
曾,汉,四川,绵阳,,,O2a1c1a*,"002611+, F11+",16,12,16,25,9,14,12,14,10,11,19,15,18,22,12,12,20,,
查,汉,江苏,南通,,,O2a*,"PK4+, M95-",15,13,16,23,9,15,13,14,10,10,18,15,16,20,12,12,18,,
柴,汉,上海,上海,,,O2a2b1a1*,"M117+, F5+",14,12,17,23,10,14,12,14,11,13,20,15,19,20,12,13,19,,
柴,汉,四川,内江,,,O1a1a*,P203+,15,12,18,22,10,14,13,14,10,12,18,17,15,20,12,13,14,,
常,汉,吉林,长春,,,O2a1c1a*,"002611+, F11+",16,12,16,25,10,13,12,14,10,13,19,14,17,21,11,12,19,,
潮,汉,安徽,安庆,D,M174+,,,15,14,16,25,10,7,13,14,11,13,19,14,18,21,11,11,11,,
陈,汉,福建,福州,O1b1a1a*,"M95+, M88-",O1b1a1a*,M95+,16,14,16,24,10,11,13,14,12,11,18,17,16,20,10,13,19,,
陈,汉,福建,漳州,,,O2*,"M268+, P31+, PK4-, M176-",16,14,16,25,10,13,14,14,10,11,18,15,14,21,12,13,16,,
陈,汉,甘肃,天水,,,O1a1a*,P203+,15,12,15,23,10,15,13,15,10,11,18,18,15,19,12,14,14,,
陈,汉,广东,河源,O2a2b1a1*,M117+,O2a2b1a1*,"M117+, F5+",14,13,16,24,10,14,12,15,11,12,20,15,16,20,12,13,19,,
陈,汉,广东,江门,,,O2a2a1a2*,M7+,16,12,16,24,10,13,12,15,10,10,20,15,20,21,12,13,19,,
陈,汉,广东,湛江,Q,M242+,,,13,14,16,24,6,14,14,14,12,10,19,17,16,22,10,16,20,,
陈,汉,广西,柳州,O2a1c*,002611+,,,16,12,16,25,9,13,12,14,11,11,19,14,17,21,12,12,20,11,12
陈,汉,海南,海口,,,O2a2b1a1*,"M117+, F5+",15,12,16,23,9,14,12,15,11,12,20,14,16,20,12,13,17,,
陈,汉,海南,海南,,,O2a*,M324+,16,14,15,25,11,13,12,14,10,12,18,14,18,23,13,12,12,,
陈,汉,河南,郑州,,,O2*,"M268+, PK4-, M176-",14,13,16,23,10,13,14,14,11,13,18,15,17,21,12,12,17,,
陈,汉,湖北,荆门,,,O2a*,"PK4+, M95-",16,13,15,23,10,13,14,14,10,13,18,15,17,25,11,12,20,,
陈,汉,湖南,长沙,,,O2*,"M268+, P31+, PK4-, M176-",16,14,16,24,10,13,14,14,10,11,18,15,15,20,12,12,19,,
陈,汉,湖南,衡阳,Q1a1,"M120+, N14+",,,13,14,16,24,6,15,13,14,12,12,19,16,15,22,10,16,21,,
陈,汉,湖南,湘潭,,,O1a1a*,P203+,14,13,16,23,10,14,13,14,10,12,18,15,14,23,12,11,12,,
陈,汉,江苏,淮安,O2a2b1a1*,M117+,O2a2b1a1*,"M117+, F5+",14,12,14,24,10,14,12,15,11,13,20,15,17,20,12,13,20,,
陈,汉,江苏,南京,O2*,"M268+, P31+, PK4-, M176-",O2*,"M268+, P31+, PK4-, M176-",15,13,17,24,10,14,14,14,10,11,18,15,15,23,12,12,18,,
陈,汉,江苏,苏州,O2a2b1a1*,M117+,O2a2b1a1*,"M117+, F5+",14,12,16,23,10,14,12,15,11,12,20,15,20,19,12,14,16,,
陈,汉,江苏,无锡,,,O2a2b*,P164+,17,12,15,24,11,13,12,15,10,11,20,15,18,20,11,11,16,,
陈,汉,江苏,扬州,,,O2a2b1a1*,"M117+, F5+",14,12,16,26,10,15,12,15,11,12,20,16,18,21,12,13,19,,
陈,汉,山东,济宁,,,O2a1a1a1,M121+,15,13,18,22,10,14,12,14,10,11,19,14,17,22,11,12,19,,
陈,汉,山东,潍坊,,,O2a2b1a1*,"M117+, F5+",14,12,15,24,10,14,12,15,11,12,20,14,18,20,12,13,19,,
陈,汉,四川,内江,,,O1a1a*,P203+,16,12,16,23,10,14,13,14,10,11,18,19,16,20,12,13,13,,
陈,汉,四川,遂宁,O2a1*,"L127+, 002611-",O2a*,M324+,16,12,16,23,10,13,13,14,10,12,19,16,16,21,11,13,20,,
陈,汉,四川,资阳,,,Q1a1,M120+,13,14,16,24,9,14,13,14,12,11,20,17,15,22,10,15,20,,
陈,汉,浙江,宁波,,,O2a1c1a*,"002611+, F11+",16,12,16,25,10,13,12,14,10,12,19,13,18,21,11,15,18,,
陈,汉,浙江,绍兴,O2a1c*,002611+,,,15,13,16,25,10,13,12,14,10,12,19,14,17,22,13,12,12,11,12
陈,汉,浙江,绍兴,O1a1a*,P203+,,,15,12,17,23,11,14,13,14,10,11,18,18,15,19,13,12,13,,
陈,汉,浙江,舟山,,,O2a1c1a*,"002611+, F11+",16,12,16,23,10,13,12,13,10,11,20,14,18,23,11,14,17,,
程,汉,安徽,六安,,,O2a1c1a*,"002611+, F11+",16,12,15,23,11,13,12,14,10,12,19,14,18,21,12,12,20,,
程,汉,河南,安阳,,,O2a2b*,"P164+, M134-",15,12,16,24,10,13,12,15,9,12,19,15,15,21,13,12,12,,
程,汉,山东,烟台,,,O2*,"M268+, P31+, PK4-, M176-",15,13,17,24,10,13,14,14,10,11,18,15,17,22,13,12,17,,
迟,汉,山东,,O2a2b1a1*,M117+,O2a2b1a1*,"M117+, F5+",14,12,16,24,10,14,12,14,11,12,20,14,17,21,12,13,19,,
初,汉,辽宁,丹东,,,C3a,"M217+, F1144+",16,13,19,24,10,11,14,14,10,11,21,15,15,21,11,11,11,,
崔,朝鲜,吉林,延边,O2a2b1a1*,M117+,,,14,12,16,24,10,14,12,15,11,12,20,15,18,22,13,13,19,,
崔,汉,河北,石家庄,O2a1c*,002611+,O2a1c1a*,"002611+, F11+",15,12,16,25,10,13,12,13,10,11,20,14,17,23,12,14,18,,
崔,汉,山东,聊城,O2a1c*,002611+,,,16,13,17,24,10,13,12,14,10,12,19,14,19,21,11,12,23,,
戴,汉,江西,吉安,,,O2a2b1a1*,"M117+, F5+",15,12,16,24,10,14,12,14,11,12,20,13,16,20,12,13,16,,
邓,汉,辽宁,朝阳,,,O2a2b1a2a1*,"M134+, F444+, F46+",15,12,16,23,11,12,12,15,10,13,19,16,17,19,12,13,16,,
第五,汉,陕西,咸阳,,,O2a2b1a2a1*,"M134+, F444+, F46+",16,12,17,23,10,12,12,15,10,12,19,16,19,20,11,13,17,,
刁,汉,安徽,合肥,O2a2b1*,"M134+, M117-",O2a2b1a2a1*,"M134+, F444+, F46+",15,12,17,23,10,12,12,15,10,12,19,15,20,20,11,12,12,,
丁,汉,山东,潍坊,,,O2a1c1a*,"002611+, F11+",15,12,17,25,10,del,12,14,10,12,20,14,18,22,12,14,17,,
丁,汉,上海,上海,O2*,"M122+, M324-",,,14,13,16,25,10,13,12,15,11,14,20,16,18,21,11,13,19,,
董,白,云南,大理,,,C3a,"M217+, F1144+",17,13,16,23,10,11,15,14,10,11,21,15,16,21,11,12,16,,
董,汉,河北,保定,,,N,M231+,14,14,15,23,11,16,14,14,11,10,19,14,17,21,12,11,13,,
董,汉,山东,泰安,O2a2*,"P201+, M159-, M7-, P164-",,,15,13,14,23,10,13,13,15,10,12,20,15,17,20,12,13,18,,
董,汉,山东,枣庄,O2a2b1*,"M134+, M117-",,,15,12,15,22,10,12,13,15,10,11,19,16,17,20,12,12,16,,
董,汉,山东,湽博,C,M130+,C3a,"M217+, F1144+",15,13,16,23,10,11,15,14,10,12,21,15,17,21,11,11,16,,
董,汉,四川,南充,,,O2a2b1a2a1*,"M134+, F444+, F46+",15,12,15,23,10,12,12,15,10,12,19,17,20,20,12,12,16,,
董,黎,海南,海南,,,O2a1c*,002611+,17,13,15,25,10,13,12,15,10,11,19,15,18,21,12,12,18,,
杜,汉,安徽,六安,C,M130+,,,15,14,15,23,10,11,14,14,10,11,21,15,15,21,11,11,21,,
段,汉,山东,青岛,,,O2a1c*,002611+,16,13,15,22,10,14,12,15,10,13,20,15,17,20,12,10,11,,
额尔图德,蒙古,内蒙古,赤峰,C3*,"M217+, M93-, P39-, M48-, M407-, P53-",,,16,13,16,25,10,11,13,14,10,10,22,15,18,21,11,12,13,,
额林布,满,辽宁,锦州,O2a2b1a1*,M117+,,,14,13,15,24,10,14,12,15,11,12,21,14,18,22,12,13,19,,
樊,汉,安徽,淮南,,,O2a2b1a2a1*,"M134+, F444+, F46+",15,12,17,23,10,12,12,15,10,12,19,15,18,19,11,12,16,,
樊,汉,河北,邢台,H1a*,"M52+, M82-",,,15,13,16,23,10,11,12,14,9,11,18,15,15,22,12,15,17,,
樊,汉,山西,吕梁,Q1a1,M120+,Q1a1,"M120+, N14+",13,14,17,24,9,14,14,14,13,13,19,15,16,22,10,16,20,,
范,汉,福建,厦门,O2a2b*,"P164+, M134-",,,15,12,17,25,10,13,14,14,11,11,19,13,18,24,11,12,12,,
方,汉,安徽,滁州,O2a2a1a2*,M7+,O2a*,M324+,14,12,17,25,10,13,12,15,10,12,20,15,21,23,11,13,19,,
方,汉,安徽,六安,,,O2a2b1a1*,"M117+, F5+",14,12,16,23,10,14,12,15,11,12,20,14,18,21,12,15,17,,
冯,汉,广东,佛山,,,O2a1c1a*,"002611+, F11+",16,12,15,25,10,13,12,14,10,11,19,14,19,21,12,12,20,,
冯,汉,江苏,南通,,,C3a,"M217+, F1144+",16,13,16,24,10,11,15,15,10,12,21,14,16,21,11,11,19,,
冯,汉,浙江,台州,,,O2a2*,"P201+, M7-, P164-",15,13,16,24,10,13,12,15,10,13,19,15,18,21,11,13,21,,
符,漢,湖南,益陽,O2a2a1a2*,M7+,O2a2a1a2*,M7+,16,12,16,24,10,13,12,15,10,11,20,16,18,23,11,13,20,,
符,汉_临高,海南,海南,,,O1a1a*,P203+,14,12,15,24,11,15,13,14,10,11,18,15,15,20,12,13,14,,
傅,汉,河北,石家庄,O2a1c*,002611+,O2a1c1a*,"002611+, F11+",15,12,16,25,10,13,12,14,10,12,19,15,18,21,12,12,18,,
傅,汉,上海,上海,N,M231+,N,M231+,14,14,17,23,10,14,13,14,10,8,19,17,16,22,12,11,12,,
甘,汉,上海,上海,O2a2b1a1*,M117+,,,14,12,17,23,10,14,12,15,11,12,20,16,19,20,13,13,19,,
高,汉,安徽,安庆,O2a2b1a1*,M117+,O2a2b1a1*,"M117+, F5+",14,12,16,24,11,15,12,15,11,11,20,16,17,20,11,20,21,,
高,汉,福建,福州,,,O2a1c*,002611+,16,13,15,22,10,13,12,15,10,12,19,15,20,22,12,11,12,,
高,汉,河南,南阳,,,O2a1c1a*,"002611+, F11+",16,12,16,25,9,13,12,14,10,10,19,13,17,23,12,12,20,,
高,漢,河南,商丘,O2a1c*,002611+,O2a1c*,002611+,16,12,16,25,10,12,12,14,10,12,19,14,17,23,12,12,22,,
高,汉,河南,商丘,C3d,M407+,C3a,"M217+, F1144+",15,14,15,23,10,11,14,14,10,12,21,15,21,20,12,11,19,,
高,汉,湖北,武汉,,,O2a1c1a*,"002611+, F11+",17,13,15,24,10,13,12,15,10,13,19,14,17,24,13,13,20,,
高,汉,江苏,常州,N,M231+,N,M231+,15,14,17,23,10,14,13,14,10,11,18,14,16,20,11,12,12,,
高,汉,江苏,泰州,,,O2a2b1a2a1*,"M134+, F444+, F46+",15,12,16,23,10,12,12,15,10,12,19,15,17,19,12,12,19,,
高,汉,江西,吉安,O2a2b1a1*,M117+,O2a2b1a1*,"M117+, F5+",14,12,15,24,11,16,12,15,11,13,20,15,18,20,12,13,19,,
高,汉,山东,枣庄,O2a1c*,002611+,O2a1c1a*,"002611+, F11+",16,12,17,25,10,13,12,14,10,11,20,14,20,23,12,14,18,,
高,汉,陕西,榆林,O2a1c*,002611+,O2a1c1a*,"002611+, F11+",17,12,15,25,10,13,12,14,10,10,20,14,20,22,12,14,18,,
高,漢,天津,天津,O2a1c*,002611+,O2a1c*,002611+,16,13,17,25,11,13,12,15,11,11,19,17,17,21,12,12,19,,
高,汉,浙江,杭州,O2a1c*,002611+,,,17,13,16,24,10,13,12,14,10,12,20,15,17,23,11,12,19,11,12
葛,汉,江苏,宿迁,,,O2a2b1a1*,"M117+, F5+",14,12,16,24,10,14,13,15,11,12,19,15,17,21,12,13,20,,
葛,汉,江苏,宿迁,,,O2a2b1a2a1*,"M134+, F444+, F46+",13,12,16,24,11,12,13,15,10,11,20,15,20,19,11,12,16,,
葛,汉,山东,潍坊,,,O2a2b1a1*,"M117+, F5+",14,12,16,23,10,15,12,15,11,13,20,15,19,20,12,15,18,,
耿,汉,河南,焦作,,,O2a2b1a1*,"M117+, F5+",15,12,15,24,11,14,13,15,11,11,20,15,17,20,12,14,18,,
耿,汉,山东,青岛,,,O2*,"M268+, P31+, PK4-, M176-",15,14,18,24,11,13,14,14,10,11,18,15,15,21,12,12,17,,
公,汉,山东,临沂,,,O2a2b1a2a1*,"M134+, F444+, F46+",15,12,15,23,10,12,12,15,10,12,19,15,16,20,12,12,16,,
巩,汉,山东,东营,,,O2*,"M122+, M324-",14,14,16,25,11,13,12,14,10,12,20,17,17,22,11,14,18,,
贡,汉,安徽,滁州,O1a1a*,P203+,O1a1a*,P203+,15,12,16,23,10,14,13,14,10,11,18,18,15,19,12,11,14,,
古,汉,江苏,连云港,,,N,M231+,15,13,16,23,10,14,13,14,10,11,20,16,15,21,12,11,12,,
顾,汉,上海,上海,O2a1c*,002611+,,,17,12,16,23,10,13,13,14,10,11,19,14,18,21,12,12,19,11,12
顾,汉,四川,绵阳,,,O2a2b*,P164+,14,12,17,23,10,13,12,15,10,12,18,16,16,21,12,12,17,,
瓜尔佳,满,辽宁,铁岭,,,O2a2*,"P201+, M7-, P164-",14,13,16,24,10,13,12,15,10,13,19,15,18,21,11,14,14,,
郭,汉,河北,沧州,O2a2b1*,"M134+, M117-",O2a2b1a2a1*,"M134+, F444+, F46+",15,11,16,23,10,12,12,15,10,11,19,15,18,20,12,12,12,,
郭,汉,河南,安阳,O1a1a*,P203+,,,16,12,15,23,10,14,14,15,10,11,17,15,15,21,11,13,14,,
郭,汉,湖南,邵阳,,,D1,M15+,14,12,18,24,10,11,13,15,11,12,19,14,16,19,12,15,17,,
郭,汉,湖南,湘潭,,,O1a1a*,P203+,15,12,17,23,10,14,13,14,10,12,19,16,15,21,13,13,13,,
郭,汉,山东,烟台,,,O2a1c*,002611+,15,13,16,25,11,13,12,15,10,12,19,14,17,23,12,12,19,,
郭,汉,山西,吕梁,,,O1a1a*,P203+,15,12,17,23,10,14,13,14,10,11,18,16,15,19,11,12,13,,
郭,汉,山西,朔州,,,C3a,"M217+, F1144+",15,13,15,23,10,11,15,14,10,12,21,16,17,21,12,11,18,,
郭,汉,四川,自贡,O2a*,"PK4+, M95-",,,16,14,16,23,10,13,14,14,11,12,18,17,16,22,9,12,17,,
郭,汉,浙江,温州,O2a2b*,"P164+, M134-",,,15,12,15,22,10,13,12,15,10,13,19,15,19,21,11,12,19,,
郭,土家,​​湖北,恩施,,,O2a2a1a2*,M7+,17,12,16,24,10,13,12,15,10,11,20,16,18,24,12,13,21,,
韩,汉,江苏,泰州,,,O2a1c1a*,"002611+, F11+",17,13,15,24,10,13,12,14,10,12,19,14,18,21,12,13,19,,
韩,汉,陕西,榆林,C,M130+,C3b*,"M217+, F1396+",15,13,16,24,10,11,13,14,11,12,del,17,17,21,12,12,15,,
阚,汉,山东,德州,,,O2a1c1a*,"002611+, F11+",16,12,16,25,10,13,12,14,11,12,19,14,16,20,12,12,19,,
杭,汉,江苏,苏州,O2a1c*,002611+,,,17,13,16,25,10,13,12,14,10,12,19,14,19,23,11,13,20,11,12
郝,汉,北京,北京,O2a2b1a1*,M117+,,,14,12,15,24,11,14,12,15,11,12,19,15,19,20,12,13,19,,
郝,汉,天津,天津,,,N,M231+,14,15,17,23,10,14,13,14,11,12,19,16,16,22,12,11,12,,
何,汉,海南,海南,,,O2a1c*,002611+,16,13,15,25,10,13,12,15,11,11,19,17,17,21,12,13,19,,
贺,汉,四川,遂宁,C,M130+,,,17,13,16,23,11,11,16,14,10,10,19,15,16,20,12,11,18,,
贺,蒙古,河北,唐山,,,O2a2b1a1*,"M117+, F5+",14,13,16,24,10,14,12,15,11,12,20,17,17,20,12,13,20,,
洪,汉,浙江,金华,O2a2b1*,"M134+, M117-",O2a2b1*,"M134+, M117-",15,12,16,24,10,12,12,15,11,13,19,15,18,21,12,12,15,,
侯,汉,江苏,南通,,,N,M231+,14,14,17,23,11,14,13,14,10,10,18,14,17,20,11,11,13,,
胡,汉,湖北,襄樊,O2a2b1a1*,M117+,,,14,12,16,24,10,14,12,16,11,12,20,15,17,20,12,14,18,11,10
胡,汉,江苏,扬州,,,O2*,M122+,13,12,18,26,10,13,14,15,10,11,20,15,16,23,12,13,19,,
胡,汉,山西,晋中,,,N,M231+,14,13,16,23,11,14,13,14,10,10,18,15,18,20,12,11,12,,
胡,汉,四川,绵阳,,,O1a1a*,P203+,15,12,16,23,10,14,13,14,10,11,18,15,16,20,12,13,13,,
胡,汉,四川,绵阳,,,O1b1a1a*,M95+,15,13,16,25,10,13,13,14,10,12,18,15,18,21,11,13,18,,
胡,汉,四川,乐山,,,N,M231+,14,13,16,23,10,15,13,14,10,12,18,15,17,20,12,13,13,,
胡,汉,浙江,绍兴,,,O2a2b1a2a1*,"M134+, F444+, F46+",15,12,16,23,10,12,13,14,10,11,19,15,20,21,13,12,17,,
胡,蒙古,内蒙古,通辽,,,O2*,"M268+, P31+, PK4-, M176-",15,14,16,24,9,del,14,14,10,11,18,15,14,21,13,12,17,,
许,汉,江苏,南京,E1b1b1c,M123+,?,?,13,13,17,24,9,11,14,14,10,12,20,15,20,20,11,17,17,,
许,汉,辽宁,营口,C,M130+,,,16,13,18,23,10,11,14,14,10,12,21,15,16,22,11,10,17,,
许,汉,山西,吕梁,O2a2b1*,"M134+, M117-",,,15,12,15,23,10,12,12,15,10,12,20,15,18,20,12,12,18,,
许,汉,浙江,绍兴,,,O1a1a*,P203+,15,12,17,23,12,14,13,14,10,11,18,17,15,20,12,13,13,,
许,满,黑龙江,哈尔滨,C3*,"M217+, M93-, P39-, M48-, M407-, P53-",,,15,13,17,24,10,11,13,14,11,12,21,17,16,22,11,12,14,11,15
华赛,蒙古,内蒙古,呼伦贝尔,O2*,"M268+, PK4-, M176-",O,M175+,15,13,16,24,10,13,13,14,10,11,18,14,17,21,12,11,19,,
黄,汉,广东,梅州,N,M231+,,,16,14,16,23,11,14,13,14,10,11,18,14,18,20,11,11,12,,
黃,漢,河南,信陽,O2a1c*,002611+,O2a1c*,002611+,17,13,16,24,10,13,12,14,10,11,20,14,19,22,12,12,18,,
黄,汉,湖南,长沙,,,O2a2b1a2a1*,"M134+, F444+, F46+",15,12,18,23,10,12,12,14,10,12,19,17,18,19,11,12,18,,
黄,汉,江苏,南通,,,N,M231+,15,13,17,22,10,14,14,14,10,10,19,15,14,21,11,11,13,,
黄,汉,江西,抚州,,,O2a1c1a*,"002611+, F11+",16,12,17,24,10,13,12,14,10,13,20,14,20,24,12,11,19,,
黄,汉,江西,宜春,,,O2a2b1a2a1*,"M134+, F444+, F46+",15,12,17,23,10,12,12,14,10,12,19,15,19,20,12,12,17,,
黄,汉,浙江,嘉兴,,,O2a2b*,"P164+, M134-",15,11,15,25,10,13,13,15,10,11,19,14,17,23,11,12,18,,
黄,汉,浙江,宁波,,,O1a1a*,P203+,15,12,17,23,10,14,13,14,10,13,18,16,16,21,12,13,14,,
黄,汉,浙江,温州,,,O2a2a1a2*,M7+,16,12,16,23,10,13,12,15,10,13,21,15,17,22,12,12,23,,
黄,童,广西,百色,,,O1a1a*,P203+,15,12,16,23,10,14,13,14,10,13,18,15,15,21,12,12,13,,
惠,汉,江苏,连云港,O2a2b1*,"M134+, M117-",O2a*,M324+,15,12,16,24,10,13,12,15,10,12,19,17,17,24,12,12,12,,
姬,汉,山东,泰安,,,H,M69+,16,13,16,22,10,11,12,14,10,10,19,15,18,22,11,14,16,,
纪,汉,江苏,鎭江,,,O1a1a*,P203+,14,12,17,23,10,13,13,14,10,11,18,15,16,21,12,13,13,,
纪,汉,江苏,鎭江,,,O1a1a*,P203+,14,12,16,23,10,13,13,14,10,11,18,15,16,21,12,13,13,,
贾,汉,山西,运城,O2a2b1*,"M134+, M117-",O2a2b1a2a1*,"M134+, F444+, F46+",15,12,17,23,10,13,12,15,10,12,19,15,17,19,12,10,16,,
骆,汉,重庆,重庆,,,O2a2b1a2a1*,"M134+, F444+, F46+",15,12,17,23,10,12,12,15,10,11,19,15,18,19,12,12,18,,
江,汉,江苏,盐城,,,O2a2b1a2a1*,"M134+, F444+, F46+",15,13,16,23,10,12,13,14,10,11,19,15,19,20,12,12,12,,
姜,汉,辽宁,葫芦岛,O2a2b1*,"M134+, M117-",,,15,12,15,23,10,12,13,15,10,12,19,16,18,22,11,12,17,,
蒋,汉,福建,三明,,,N,M231+,15,13,16,23,11,14,13,14,10,10,18,14,18,21,11,11,11,,
蒋,汉,河南,郑州,,,O1a1a*,P203+,17,12,16,23,11,15,13,14,10,11,18,16,15,19,12,13,13,,
蒋,汉,湖南,湘潭,,,N,M231+,15,13,16,25,11,14,13,14,10,10,18,15,16,22,12,11,12,,
蒋,汉,江苏,苏州,O1a1a*,P203+,,,16,12,15,23,10,14,13,14,10,12,18,16,16,19,12,12,13,,
金,朝鲜,吉林,吉林,,,Q1a1,"M120+, N14+",14,14,16,24,9,14,14,14,12,11,19,17,18,23,10,16,19,,
金,汉,上海,上海,,,O2a1c1a*,"002611+, F11+",17,13,16,25,10,13,12,14,10,12,19,14,17,24,13,13,18,,
金,汉,浙江,宁波,,,C3a,"M217+, F1144+",15,14,16,23,10,11,14,14,11,11,22,15,15,21,11,11,19,,
金,汉,浙江,台州,Q1a1,"M120+, N14+",,,13,14,16,24,6,14,15,14,12,12,19,18,15,22,11,16,20,12,12
康,汉,安徽,亳州,,,D1,M15+,15,12,16,24,10,10,12,14,10,12,19,14,22,20,11,14,16,,
康,汉,河北,邯郸,N,M231+,N,M231+,14,14,17,22,14,14,12,14,10,11,19,17,16,21,11,11,12,,
康,汉,四川,资阳,,,O2a*,M324+,16,12,17,25,10,13,12,14,10,12,18,15,19,21,11,12,18,,
克烈亦特,蒙古,內蒙古,錫林郭勒,N1c1,M178+,,,13,14,16,24,11,14,14,14,10,10,19,15,17,22,12,11,13,,
孔,汉,江苏,泰州,O2a1c*,002611+,O2a1c1a*,"002611+, F11+",15,12,16,25,10,13,12,14,10,10,19,14,20,23,12,12,18,,
孔,汉,江苏,,,,C3a,"M217+, F1144+",16,14,14,23,10,11,16,14,10,11,21,15,19,22,11,11,17,,
孔,汉,山东,泰安,,,C3a,"M217+, F1144+",17,13,16,23,10,11,14,14,10,11,20,16,16,21,11,11,17,,
来,汉,山东,烟台,,,O2*,"M268+, P31+, M95-, M176-",15,13,18,24,10,13,14,14,10,12,18,14,19,22,11,12,21,,
蓝,汉,四川,遂宁,,,O2a2a1a2*,M7+,16,13,16,24,10,13,13,15,10,11,20,15,18,22,11,13,21,,
冷,汉,江苏,鎭江,O2*,"M122+, M324-",,,14,13,16,25,11,13,12,15,11,12,20,16,17,21,11,13,17,,
李,傣,云南,玉溪,,,O1b1a1a*,M95+,15,14,18,24,10,13,14,14,11,11,18,15,16,20,10,14,18,,
李,汉,北京,北京,N,M231+,N,M231+,14,13,17,23,10,15,13,14,10,11,19,15,18,21,12,13,13,,
李,汉,广东,潮州,,,O2a2b1a1*,"M117+, F5+",14,12,16,23,10,14,12,15,11,12,21,16,18,20,12,15,18,,
李,汉,广东,汕尾,O2*,"M268+, P31+, PK4-, M176-",,,16,14,16,24,10,13,14,14,10,12,18,15,16,21,12,12,18,,
李,汉,广西,桂林,,,O1a1a*,P203+,15,12,18,24,10,14,14,14,11,13,18,16,15,21,12,13,14,,
李,汉,河南,焦作,,,O2a2b1a2a1*,"M134+, F444+, F46+",15,11,16,23,10,12,12,15,10,13,19,15,18,20,12,12,16,,
李,汉,河南,南阳,,,O2a2b1a2a1*,"M134+, F444+, F46+",17,12,18,23,10,12,12,15,10,11,19,15,19,19,13,12,17,,
李,汉,河南,商丘,,,O2a2b1a1*,"M117+, F5+",14,12,16,23,10,14,12,15,11,12,19,15,20,20,12,13,19,,
李,汉,河南,信阳,,,N,M231+,14,14,17,23,10,13,13,15,10,11,19,14,16,21,12,11,13,,
李,汉,湖北,鄂州,O2a2b1*,"M134+, M117-",,,16,12,17,23,10,13,12,15,10,11,19,15,17,19,11,12,18,,
李,汉,湖北,武汉,O2a1c*,002611+,O2a1c1a*,"002611+, F11+",16,12,17,24,10,13,12,14,10,11,20,14,18,24,12,14,18,,
李,汉,湖南,长沙,,,O1a1a*,P203+,15,12,19,23,10,14,13,14,10,12,18,16,15,21,12,13,13,,
李,汉,辽宁,大连,O2a1c*,002611+,O2a1c1a*,"002611+, F11+",16,12,17,25,10,13,12,14,10,11,18,14,20,22,11,12,19,,
李,汉,山东,聊城,O2a2a1a2*,M7+,O2a*,M324+,16,12,17,24,10,14,12,14,10,11,20,15,17,20,13,14,19,,
李,汉,山西,长治,,,N,M231+,14,14,16,23,10,14,13,14,10,11,18,14,19,20,11,10,12,,
李,汉,山西,忻州,,,C3b*,"M217+, F1396+",16,13,15,24,10,11,13,14,11,11,21,17,16,20,11,12,14,,
李,汉,陕西,榆林,,,C3a,"M217+, F1144+",16,13,16,23,10,11,15,14,10,11,21,16,18,20,11,11,16,,
李,汉,四川,眉山,O2a1c*,002611+,O2a1c1a*,"002611+, F11+",16,12,17,25,9,13,12,14,10,13,19,14,17,22,11,12,19,,
李,汉,四川,资阳,O2a1a,M88+,,,15,13,18,24,11,13,14,14,10,12,18,15,16,21,11,13,18,,
李,汉,四川,自贡,,,O2a2b1a2a1*,"M134+, F444+, F46+",16,13,16,23,10,12,12,15,10,13,18,16,17,19,12,12,12,,
李,汉,浙江,宁波,O2a1c*,002611+,O2a1c1a*,"002611+, F11+",16,12,18,25,10,13,12,14,7,13,20,15,16,22,11,12,18,,
李,汉,浙江,宁波,,,O1a1a*,P203+,15,12,17,24,10,14,13,14,10,11,18,16,15,21,12,13,13,,
李,汉,浙江,舟山,O2a1c*,002611+,O2a1c1a*,"002611+, F11+",16,12,16,25,10,13,12,14,10,12,19,13,17,22,11,13,19,,
李,汉,重庆,重庆,,,O2a1c1a*,"002611+, F11+",16,12,14,25,10,13,12,14,10,13,19,16,18,21,12,12,19,,
李,回,安徽,阜阳,,,O2a1c1a*,"002611+, F11+",15,12,15,24,11,13,12,14,10,11,20,14,18,24,12,14,17,,
李,回,安徽,六安,O2a2b1*,"M134+, M117-",,,15,12,17,23,11,12,12,14,10,11,18,15,19,19,12,12,12,,
郦,汉,浙江,绍兴,,,O2a1c*,002611+,17,13,16,22,10,14,12,14,10,11,20,15,17,22,11,12,18,,
梁,汉,安徽,亳州,,,Q1a1,"M120+, N14+",13,14,16,24,9,14,14,14,12,11,19,16,15,22,10,15,20,,
梁,汉,广东,佛山,O1a1a*,P203+,,,14,12,18,23,10,14,13,14,10,12,18,15,15,21,13,13,14,,
梁,汉,广东,湛江,,,O1b1a1*,PK4+,15,13,16,24,11,13,14,14,11,12,19,16,15,21,11,15,20,,
梁,汉,四川,雅安,,,O2a1c1a*,"002611+, F11+",17,13,15,25,10,13,12,14,10,12,19,14,18,24,13,14,19,,
廖,黎,海南,海南,,,O2a1c1a*,"002611+, F11+",17,13,17,25,10,13,12,14,10,11,19,14,18,20,11,12,12,,
林,汉,福建,福州,O2a2b1a1*,M117+,O2a2b1a1*,"M117+, F5+",14,12,16,23,10,14,12,15,11,12,20,15,19,20,12,16,18,,
林,汉,福建,福州,O2a2b1a1*,M117+,O2a2b1a1*,"M117+, F5+",14,12,15,25,10,14,12,15,11,12,20,16,17,20,12,13,17,,
林,汉,福建,泉州,O2a2b1a1*,M117+,,,16,12,16,24,10,14,12,15,11,12,20,15,18,20,12,14,18,,
林,汉,福建,三明,,,O2a1c1a*,"002611+, F11+",17,13,15,24,10,13,12,14,10,11,19,14,18,23,13,13,19,,
林,汉,广东,中山,,,N,M231+,14,13,16,23,11,15,13,14,10,11,19,15,16,21,12,12,13,,
林,汉,海南,海口,O2a2b1a1*,M117+,,,14,12,16,23,10,14,12,15,11,12,20,15,18,21,11,15,18,,
凌,汉,广东,梅州,O2a2b1a1*,M117+,,,14,13,16,26,10,14,13,15,11,12,20,16,16,21,12,13,18,,
刘,汉,安徽,安庆,,,O2a2b1a2a1*,"M134+, F444+, F46+",15,12,16,22,10,12,12,14,10,12,19,15,17,19,12,12,17,,
刘,汉,安徽,六安,Q1a1,"M120+, N14+",,,13,14,16,25,6,14,14,14,12,11,19,16,16,22,10,16,20,,
刘,汉,福建,龙岩,N,M231+,,,14,14,16,22,11,14,15,14,10,11,19,16,15,22,11,11,12,,
刘,汉,甘肃,酒泉,O1a1a*,P203+,,,16,12,15,23,11,14,13,14,10,11,18,17,16,19,12,13,13,,
刘,汉,广东,中山,O2a1a,M88+,O1b1a1*,PK4+,16,14,16,23,10,13,14,14,10,12,18,15,20,22,11,13,19,,
刘,汉,广西,桂林,,,O2a1c*,002611+,16,12,16,22,10,13,12,14,10,12,19,15,20,21,12,10,17,,
刘,汉,河北,邯郸,,,O2a2b1a1*,"M117+, F5+",14,12,16,23,10,14,12,14,11,12,19,15,18,21,12,13,19,,
刘,汉,河北,廊坊,N,M231+,N,M231+,14,14,17,23,10,16,13,14,10,13,19,16,14,22,12,11,11,,
刘,汉,河北,石家庄,Q1a1,"M120+, N14+",,,14,14,16,25,9,14,14,14,12,11,20,17,18,22,10,15,22,,
刘,汉,河北,石家庄,N,M231+,N,M231+,14,13,15,22,10,16,14,14,11,10,19,15,14.1,21,11,11,12,,
刘,汉,河南,漯河,O2a2b1a1*,M117+,,,14,12,16,23,10,14,12,14,11,11,20,15,17,20,12,13,19,,
刘,汉,吉林,通化,O2a2b1a1*,M117+,,,15,12,16,24,10,14,12,15,11,12,20,15,18,20,12,14,18,,
刘,汉,江苏,淮安,,,O2a2b1a2a1*,"M134+, F444+, F46+",15,12,16,24,10,12,13,15,10,12,20,15,19,20,12,12,16,,
刘,汉,江苏,宿迁,O2*,"M268+, PK4-, M176-",O2*,"M268+, PK4-, M176-",16,14,16,24,10,13,13,15,10,12,17,15,16,21,12,13,20,,
刘,汉,江苏,宿迁,,,O2*,"M268+, PK4-, M176-",15,14,16,24,10,13,13,14,10,11,17,15,17,21,12,13,20,,
刘,汉,江苏,徐州,O2a2b1*,"M134+, M117-",,,15,12,16,23,10,12,11,14,10,12,19,16,19,19,12,12,18,,
刘,汉,江苏,扬州,O2a1c*,002611+,,,15,12,16,24,10,13,12,14,10,12,19,17,17,22,11,12,18,,
刘,汉,江西,宜春,O2a2b1a1*,M117+,,,14,12,17,24,10,14,12,14,11,11,20,15,17,20,12,13,19,,
刘,汉,辽宁,,,,C3a,"M217+, F1144+",15,14,16,23,10,11,14,14,10,12,21,16,17,21,11,11,19,,
刘,汉,山东,临沂,,,O2a2b1a1*,"M117+, F5+",14,12,16,23,10,14,12,15,11,12,20,16,17,20,11,13,19,,
刘,汉,山东,烟台,O2a2b1*,"M134+, M117-",,,15,12,15,23,10,12,12,14,10,11,19,15,18,19,12,12,18,11,12
刘,汉,山东,枣庄,C,M130+,C3a,"M217+, F1144+",16,13,17,23,10,11,14,14,10,10,20,15,17,20,12,11,18,,
刘,汉,陕西,汉中,,,O2a*,M324+,16,12,17,23,10,13,13,15,10,11,20,14,19,22,11,13,17,,
刘,汉,陕西,西安,O2a1c*,002611+,,,13,12,16,25,10,13,12,14,10,12,19,14,17,22,11,12,18,,
刘,汉,陕西,咸阳,O2a2*,"P201+, M159-, M7-, P164-",O2a*,M324+,17,12,16,24,10,13,12,15,10,15,19,15,16,21,13,13,20,,
刘,汉,浙江,台州,,,O2a2b1a1*,"M117+, F5+",14,12,16,24,10,14,12,15,11,12,20,15,18,21,12,13,16,,
刘,满,黑龙江,齐齐哈尔,,,C3a,"M217+, F1144+",15,13,18,23,10,11,16,14,10,11,21,15,20,21,11,11,11,,
楼,汉,浙江,诸曁,O2a2b1a1*,M117+,O2a2b1a1*,"M117+, F5+",14,12,17,24,10,14,12,15,11,10,20,15,17,20,11,13,18,,
陆,汉,山东,济宁,,,O2a1c*,002611+,15,12,16,24,10,13,12,15,10,12,19,15,17,23,11,12,20,,
陆,汉,上海,上海,,,N,M231+,14,14,17,23,10,14,13,14,10,11,19,17,15,22,12,11,12,,
栾,汉,山东,威海,,,O2a1c1a*,"002611+, F11+",16,12,17,26,10,13,12,14,10,11,19,14,19,22,12,14,18,,
罗,汉,甘肃,天水,,,O1b1a1a*,"M95+, M88-",16,13,15,25,10,13,14,14,10,11,17,15,17,19,11,14,18,,
罗,汉,浙江,宁波,O2a1*,"L127+, 002611-",O,M175+,16,13,18,25,10,13,12,15,10,12,20,13,19,21,12,15,20,,
吕,汉,浙江,绍兴,,,O2a2b1*,"M134+, M117-",15,12,16,24,10,12,12,16,10,12,19,15,18,21,12,12,12,,
马,汉,安徽,合肥,,,N,M231+,14,14,16,23,10,15,14,14,11,10,19,14,17,22,12,11,13,,
马,汉,广东,汕尾,O2a1a,M88+,,,16,13,17,24,11,13,14,14,10,12,18,15,16,22,11,13,18,,
马,汉,河北,保定,O2a1*,"L127+, 002611-",,,15,14,16,24,10,12,12,15,10,11,21,13,17,22,13,15,20,,
马,汉,河南,洛阳,,,O2a2b1a1*,"M117+, F5+",14,12,16,24,10,14,12,15,11,12,20,15,17,20,11,13,18,,
马,汉,黑龙江,哈尔滨,,,O2a2b1a1*,"M117+, F5+",14,12,15,24,10,14,12,15,11,12,21,14,17,21,12,13,18,,
马,汉,江苏,苏州,O2a1c*,002611+,,,16,12,16,24,10,13,12,15,10,13,19,14,16,23,12,12,18,,
马,汉,山东,潍坊,C3,M217+,C3a,"M217+, F1144+",16,12,17,24,10,12,15,15,10,12,21,16,16,21,11,11,19,,
马,汉,山西,晋城,O2a2b1a1*,M117+,O2a2b1a1*,"M117+, F5+",14,13,16,24,10,14,12,15,11,12,del,15,17,20,12,14,14,,
马,汉,陕西,西安,,,O2a2b1a1*,"M117+, F5+",15,13,17,24,10,14,12,14,11,12,20,17,17,20,12,13,20,,
马,回,甘肃,兰州,O1a1a*,P203+,,,15,12,16,23,10,14,12,14,10,11,19,17,15,19,11,13,13,,
马,回,湖南,湘西,,,Q1a1,"M120+, N14+",13,14,16,24,9,14,14,15,12,11,19,15,15,22,10,15,22,,
马,回,宁夏,吴忠,O1b1a1a*,"M95+, M88-",,,15,12,16,24,10,13,13,14,10,11,18,15,18,25,10,14,18,,
马,回,青海,西宁,,,R1a1a,M17+,17,13,18,25,11,11,13,14,10,10,20,16,17,23,13,11,14,,
马,回,云南,大理,,,Q1a1,"M120+, N14+",13,14,17,24,9,14,14,14,12,10,19,15,16,22,10,15,22,,
毛,汉,河南,驻马店,,,O2*,"M268+, PK4-, M176-",15,14,16,23,10,13,14,14,10,11,21,15,16,23,11,13,16,,
毛,汉,湖北,孝感,O1a*,"M119+, P203-, M110-",,,15,13,17,23,10,12,15,14,10,12,17,16,14,21,12,12,14,,
毛,汉,浙江,衢州,O2*,"M122+, M324-",,,16,14,15,25,9,13,14,15,10,13,21,15,19,20,11,12,17,,
茆,汉,江苏,盐城,,,O2*,"M268+, P31+, PK4-, M176-",15,14,17,24,10,13,13,14,10,11,18,15,16,21,12,13,17,,
茅,汉,江苏,南通,,,O2a1c*,002611+,15,12,17,24,11,13,12,14,10,13,19,14,18,21,12,11,21,,
梅,汉,湖北,武汉,,,O2a2b1a2a1*,"M134+, F444+, F46+",15,12,15,23,10,12,12,15,10,12,19,15,19,20,12,12,16,,
梅,汉,江西,赣州,,,O1a1a*,P203+,15,12,16,23,11,14,13,14,10,11,18,16,15,19,13,13,13,,
孟,汉,安徽,淮北,O2*,"M122+, M324-",O2*,"M122+, M324-",14,14,16,25,11,13,12,15,10,12,20,17,17,21,11,14,18,,
莫,童,广西,河池,,,O,M175+,15,13,15,24,10,14,15,14,9,12,18,15,15,21,12,15,21,,
木,纳西,云南,丽江,,,N,M231+,14,14,16,23,11,14,13,14,11,11,19,15,15,21,12,11,12,,
穆,汉,山东,济南,,,O2*,"M122+, M324-",15,14,16,25,11,13,12,15,11,11,20,16,16,21,11,13,18,,
穆,满,北京,北京,O2a2b1a1*,M117+,,,14,12,17,23,10,14,12,14,11,12,21,16,18,20,11,13,19,,
倪,汉,江苏,南通,,,O1a1a*,P203+,15,12,16,23,10,14,13,14,10,12,18,15,14,22,12,12,13,,
欧,汉,安徽,六安,,,O2a1c1a*,"002611+, F11+",17,12,16,24,10,13,12,14,10,12,19,14,17,21,13,12,20,,
欧阳,汉,湖南,湘潭,,,O2a1c1a*,"002611+, F11+",16,12,16,25,10,13,12,14,10,12,19,15,17,20,12,12,19,,
潘,汉,江苏,苏州,,,O1a1a*,P203+,15,12,16,23,11,14,13,14,10,11,18,17,15,19,12,13,13,,
潘,汉,浙江,宁波,O2a1c*,002611+,,,17,12,16,25,10,13,12,15,10,13,19,15,18,21,12,13,21,,
潘,汉,浙江,绍兴,,,O1b1a1*,PK4+,16,13,16,25,11,13,13,14,10,14,17,15,17,23,11,13,19,,
彭,汉,福建,宁德,,,O2a2b1a1*,"M117+, F5+",14,12,15,25,10,14,12,15,11,12,20,16,16,20,12,13,19,,
彭,汉,江西,吉安,O2a*,"PK4+, M95-",,,15,14,17,24,10,13,14,14,10,12,18,15,17,21,11,12,20,11,12
彭,汉,江西,吉安,O2a1c*,002611+,,,17,12,16,24,10,13,12,14,10,11,20,15,16,22,11,11,20,,
彭,汉,辽宁,丹东,,,O2a*,M324+,16,12,18,24,10,13,12,15,10,14,20,14,15,20,12,13,22,,
皮,汉,江西,吉安,,,O1a1a*,P203+,15,12,17,23,10,14,13,14,10,13,18,16,15,19,12,13,13,,
齐,汉,河南,南阳,O2a2b*,"P164+, M134-",O2a*,M324+,15,12,17,25,10,13,13,15,11,10,19,14,20,21,12,12,17,,
怯,汉,河南,平顶山,N,M231+,N,M231+,14,12,16,23,10,14,13,14,10,10,18,15,15,24,12,13,13,,
秦,汉,辽宁,沈阳,O1a1a*,P203+,O1a1a*,P203+,14,12,17,23,11,14,13,14,10,12,18,18,15,19,12,13,13,,
秦,汉,山东,泰安,O2*,"M268+, PK4-, M176-",O,M175+,15,13,16,24,10,12,13,14,10,11,17,15,15,21,12,12,16,,
邱,汉,湖北,襄樊,O1a1a*,P203+,,,16,12,17,23,11,14,13,14,10,11,18,17,15,19,12,13,13,11,12
全,汉,上海,上海,,,O2a1c*,002611+,13,12,16,25,10,13,13,15,10,12,19,13,18,21,11,12,12,,
权,汉,陕西,渭南,E1b1b1c,M123+,E?,M96+,13,11,18,24,10,11,12,14,10,14,20,15,18,22,11,15,17,,
冉,汉,重庆,重庆,,,N,M231+,14,13,16,23,10,14,13,14,11,11,19,14,15,23,12,11,12,,
任,汉,江苏,南京,,,O2a2b1a2a1*,"M134+, F444+, F46+",14,12,17,23,11,12,12,15,10,12,19,15,17,20,11,12,16,,
任,汉,辽宁,朝阳,N,M231+,,,14,13,16,23,10,15,13,14,10,11,19,15,16,22,12,12,13,,
任,汉,山西,太原,O2a1c*,002611+,,,15,14,16,24,10,13,13,14,10,11,19,15,17,22,11,12,19,,
任,汉,四川,绵阳,,,C3a,"M217+, F1144+",16,14,17,23,10,11,14,14,10,11,20,15,15,21,11,12,19,,
茹,汉,浙江,宁波,,,N,M231+,15,13,16,22,10,15,13,14,10,11,19,15,17,21,12,12,12,,
阮,汉,湖北,咸宁,,,O2a1c1a*,"002611+, F11+",17,12,16,25,11,13,12,14,10,11,20,14,19,21,12,14,18,,
萨格斯,裕固,甘肃,张掖,,,Q1a3,"M346+, L53-",14,11,17,23,10,14,13,14,12,11,19,16,16,23,12,12,18,,
赛,回,宁夏,固原,R1,M306+,,,15,13,16,23,9,13,13,15,11,12,19,15,17,23,12,12,12,,
沙,回,安徽,合肥,O1a1a*,P203+,O1a1a*,P203+,14,12,16,23,10,14,13,14,10,13,18,16,16,22,12,13,14,,
沙,回,山东,聊城,R,M207+,,,16,13,17,25,10,11,13,14,11,10,20,14,15,23,11,11,14,,
沙,回,山东,聊城,,,C3a,"M217+, F1144+",16,13,16,22,10,11,15,14,10,11,21,14,15,21,11,12,17,,
沙,满,北京,北京,O1a1a*,P203+,,,15,12,16,23,11,14,13,14,10,11,19,15,15,19,12,13,13,,
邵,汉,​​江苏,南通,,,O2*,"M268+, P31+, PK4-, M176-",15,14,16,24,11,13,13,14,10,11,18,14,15,21,12,12,17,,
邵,汉,​​陕西,延安,O2a1c*,002611+,O2a1c1a*,"002611+, F11+",17,12,16,25,10,13,12,14,10,11,20,14,17,22,13,13,17,,
沉,汉,安徽,滁州,,,O1a*,M119+,15,12,15,24,10,14,13,14,10,13,20,15,16,20,12,12,14,,
沉,汉,江西,上饶,O2*,"M268+, P31+, PK4-, M176-",,,15,14,18,23,8,13,14,14,10,11,18,15,15,21,12,12,17,,
沉,汉,浙江,宁波,O2a2b1*,"M134+, M117-",,,17,12,18,23,10,12,12,16,10,12,19,15,19,19,12,11,17,,
师,汉,山西,运城,,,O2a*,M324+,16,12,18,24,10,13,13,14,10,12,20,14,18,24,12,12,18,,
石,侗,广西,桂林,O2a2a1a2*,M7+,,,17,12,16,24,10,13,12,15,10,11,20,15,19,23,12,13,21,,
石,汉,山东,滨州,,,O1b2,M176+,16,14,17,23,10,13,13,14,13,13,18,16,18,20,12,10,19,,
石,汉,天津,天津,,,O2a*,M324+,16,12,16,22,10,13,12,15,10,13,20,15,17,20,13,13,19,,
史,汉,甘肃,平凉,,,O2a2b1a1*,"M117+, F5+",14,12,16,24,10,15,12,14,11,12,20,15,17,20,12,13,17,,
史,汉,河南,南阳,,,O2a2b1a2a1*,"M134+, F444+, F46+",15,12,16,24,10,12,12,15,10,11,19,15,18,19,12,11,16,,
史,汉,江苏,无锡,,,C3a,"M217+, F1144+",15,13,16,23,10,11,15,14,10,11,21,15,13,23,11,12,18,,
史,汉,江苏,宿迁,,,O2a1c*,002611+,17,12,17,26,10,14,12,14,10,12,19,14,16,22,11,12,18,,
史,汉,江苏,徐州,,,O2a2b1a1*,"M117+, F5+",14,12,16,24,10,14,12,15,11,11,20,15,20,20,11,14,19,,
宋,汉,江苏,苏州,O2a1*,"L127+, 002611-",O2a1*,"L127+, 002611-",16,14,18,24,10,13,13,15,10,12,21,13,18,21,12,12,21,,
宋,汉,天津,天津,,,C3a,"M217+, F1144+",15,13,18,23,10,11,16,14,10,11,21,15,17,21,11,12,21,,
孙,汉,安徽,合肥,,,O2a2b1a2a1*,"M134+, F444+, F46+",15,13,18,23,10,12,12,14,10,14,20,15,17,20,12,12,16,,
孙,汉,甘肃,平凉,,,D1,M15+,15,13,16,24,10,10,12,14,10,11,19,15,20,20,11,15,16,,
孙,汉,河南,平顶山,,,N,M231+,14,14,17,23,10,14,13,14,10,12,19,16,14,23,12,11,13,,
孙,汉,吉林,延边,,,O2a2b1a2a1*,"M134+, F444+, F46+",15,12,15,23,10,13,12,15,10,12,19,16,15,20,12,10,16,,
孙,汉,江苏,无锡,O2a2b*,"P164+, M134-",,,15,12,16,24,11,13,12,15,10,14,20,15,18,21,11,12,17,,
孙,汉,山东,聊城,,,O2a1c1b1*,"002611+, F238+",15,13,15,20,10,14,12,15,10,11,19,17,18,20,12,11,11,,
孙,汉,山东,,,,O2a1c*,002611+,16,13,16,24,10,13,12,14,10,11,20,14,16,23,12,14,17,,
孙,汉,浙江,杭州,,,O1a1a*,P203+,15,12,17,23,10,14,13,14,10,12,18,16,16,22,12,13,14,,
孙,汉,重庆,重庆,O1a1a*,P203+,O1a1a*,P203+,15,12,18,23,10,14,13,14,11,11,18,15,15,21,12,13,14,,
索齊勒,滿,遼寧,瀋陽,O1b2*,M176+,O1b2*,M176+,16,14,15,23,10,13,13,14,13,11,18,15,17,21,11,10,17,,
锁,回,云南,曲靖,,,O2a2b1a2a1*,"M134+, F444+, F46+",13,12,17,23,10,12,12,15,10,11,19,16,18,19,12,12,16,,
覃,土家,湖北,宜昌,O2a*,"PK4+, M95-",,,15,13,17,23,10,13,14,14,10,13,18,15,16,23,11,12,19,11,12
谭,汉,广东,江门,O2a2b1*,"M134+, M117-",,,14,12,16,24,10,12,12,15,10,13,19,17,19,20,12,11,16,,
谭,汉,重庆,重庆,,,O2a2b1a2a1*,"M134+, F444+, F46+",15,12,16,23,10,13,12,15,10,12,19,15,19,19,12,12,15,,
汤,汉,浙江,舟山,,,O2a1c1a*,"002611+, F11+",17,12,17,25,10,13,12,14,10,11,18,14,18,21,12,13,20,,
唐,汉,安徽,六安,,,O1a1a*,P203+,15,12,16,24,10,14,13,14,10,11,18,17,15,19,12,13,14,,
唐,汉,上海,上海,O1a2*,M110+,,,16,12,16,24,10,14,13,14,10,11,15,17,17,23,12,14,14,11,12
唐,汉,四川,巴中,,,O2a2b1a1*,"M117+, F5+",14,13,17,25,10,14,12,15,11,11,20,15,17,20,12,13,21,,
唐,汉,四川,遂宁,,,O1a1a*,P203+,15,12,17,23,10,14,13,14,10,12,15,16,15,21,13,13,14,,
陶,汉,甘肃,白银,,,O1a1a*,P203+,15,12,17,23,10,14,13,14,10,11,18,16,15,20,10,10,13,,
陶,汉,贵州,凯里,O2a2b1*,"M134+, M117-",,,16,12,16,23,10,12,12,15,10,13,19,15,16,19,10,12,17,,
陶,汉,江苏,盐城,O2a1c*,002611+,,,17,13,15,24,10,13,12,14,10,12,19,13,18,24,13,13,20,11,12
陶,汉,上海,上海,O2a1*,"L127+, KL1+, KL2+, M121-, M164-, 002611-",,,15,14,16,23,11,13,12,14,10,11,19,15,18,22,11,12,21,11,12
陶,汉,重庆,重庆,,,O1b1a1a*,M95+,16,13,17,25,11,13,13,14,10,12,18,15,18,22,12,12,18,,
滕,汉,广西,南宁,,,,,16,13,17,25,11,13,14,14,10,12,18,15,17,20,11,13,18,,
滕,汉,江苏,盐城,,,O2a2b1a1*,"M117+, F5+",14,12,15,24,10,14,12,15,11,13,20,15,18,20,12,13,21,,
田,汉,河南,许昌,,,D1a*,"N1+, N2-",15,12,16,24,10,10,12,14,10,11,19,15,21,20,11,16,16,,
田,汉,湖北,黄冈,,,O2a1c1a*,"002611+, F11+",15,12,16,25,10,13,12,14,9,12,20,14,16,21,11,13,18,,
田,汉,四川,遂宁,O1a1a*,P203+,,,15,12,17,23,10,14,13,14,10,13,18,15,15,21,12,13,13,,
田,汉,天津,天津,,,O2a2b1*,"M134+, F444+",15,12,15,23,10,12,13,15,10,11,19,15,18,21,11,12,17,,
田,苗,贵州,凯里,,,O1b1a1a*,"M95+, M88-",15,11,16,24,10,13,13,14,10,11,18,15,18,21,11,15,21,,
涂,汉,四川,德阳,,,O2a2b*,"P164+, M134-",15,12,18,24,10,13,12,15,9,10,del,15,15,21,12,12,18,,
万,汉,江苏,盐城,O2a2b1*,"M134+, M117-",,,15,12,16,23,10,12,12,14,10,12,19,14,18,19,12,12,17,,
万,汉,江西,南昌,,,O2a2b1a1*,"M117+, F5+",14,12,17,24,10,14,12,14,11,12,19,15,18,19,12,14,14,,
汪,汉,安徽,黄山,,,O2a1a1a1,M121+,15,13,19,23,10,13,12,14,10,11,19,14,17,20,11,12,19,,
王,汉,安徽,合肥,,,N,M231+,15,14,16,22,10,14,13,14,10,12,19,15,19,21,12,11,13,,
王,汉,安徽,淮北,,,O2a2b1a1*,"M117+, F5+",14,12,16,23,10,14,12,15,11,11,20,15,18,20,12,13,19,,
王,汉,安徽,宣城,Q,M242+,,,13,15,16,24,9,14,14,14,13,10,19,15,16,23,10,15,20,,
王,汉,北京,北京,,,O2a2b1a2a1*,"M134+, F444+, F46+",15,12,16,23,11,12,12,15,10,12,19,17,17,20,12,13,17,,
王,汉,甘肃,定西,,,R1b?,M343+,16,14,17,24,10,13,13,14,11,11,19,15,14,23,12,12,13,,
王,汉,甘肃,定西,,,O2a1c*,"002611+, F449+, F238-",13,12,16,25,10,13,13,14,10,12,19,14,18,22,12,12,12,,
王,汉,甘肃,平凉,,,O2a1c1a*,"002611+, F11+",17,13,16,23,10,14,12,14,10,11,20,15,18,22,11,12,17,,
王,汉,甘肃,天水,R,M207+,,,15,13,18,25,10,11,13,14,11,10,20,16,17,24,12,12,15,,
王,汉,海南,海南,,,O1b1a1a*,M95+,16,13,16,25,10,13,14,14,10,11,18,15,18,21,11,13,18,,
王,汉,海南,海南,,,O1a1a*,P203+,15,12,16,23,10,14,13,14,10,12,18,16,14,21,12,13,13,,
王,汉,河北,沧州,Q1a1,M120+,Q1a1,"M120+, N14+",13,13,16,24,9,14,14,14,12,11,18,14,17,22,10,15,21,,
王,汉,黑龙江,绥化,O2a2b1a1*,M117+,,,14,13,16,24,10,14,13,15,11,12,19,15,19,20,13,13,13,,
王,汉,湖北,黄冈,,,Q1a1,"M120+, N14+",13,14,16,25,9,14,13,14,12,12,19,15,17,22,10,15,21,,
王,汉,湖南,衡阳,,,O1a1a*,P203+,16,12,15,23,11,14,13,14,10,12,18,18,15,20,11,12,13,,
王,汉,湖南,邵阳,,,O2a2b1a1*,"M117+, F5+",14,12,16,24,11,14,12,15,11,11,19,15,19,21,12,13,17,,
王,汉,江苏,南通,,,C3a,"M217+, F1144+",16,14,16,23,10,11,14,14,10,12,21,16,15,21,11,10,20,,
王,汉,江苏,苏州,,,O2*,"M268+, P31+, PK4-, M176-",15,13,16,24,10,13,14,14,10,12,18,15,16,20,12,13,18,,
王,汉,江苏,泰州,,,C3a,"M217+, F1144+",15,13,16,23,10,11,15,14,10,11,21,15,16,21,11,12,17,,
王,汉,江苏,盐城,,,O2a2b1a2a1*,"M134+, F444+, F46+",15,12,16,23,10,13,12,15,10,12,19,15,18,19,12,12,16,,
王,漢,江蘇,鎭江,O2a1c*,002611+,O2a1c*,002611+,16,12,15,25,10,13,12,14,10,13,19,14,18,24,12,14,17,,
王,汉,辽宁,沈阳,O2a2*,"P201+, M159-, M7-, P164-",O2a2*,"P201+, M7-, P164-",15,12,17,25,10,13,12,15,10,12,20,13,16,21,13,13,20,,
王,汉,山东,东营,,,O1b1a1a*,M95+,15,14,16,24,10,13,15,14,10,12,18,15,15,21,12,13,17,,
王,汉,山东,烟台,,,O2a2b1a1*,"M117+, F5+",14,12,16,24,10,14,12,15,11,12,20,15,17,19,12,13,20,,
王,汉,山东,湽博,,,O2a1c*,002611+,16,13,14,22,10,14,12,15,10,11,19,15,16,20,12,11,11,,
王,汉,山西,长治,,,O2a1c1a*,"002611+, F11+",16,12,15,24,10,14,12,14,10,13,19,14,18,21,12,12,12,,
王,汉,山西,晋中,O2a1c*,002611+,,,15,12,16,26,10,13,12,14,10,13,20,14,18,21,12,12,19,,
王,汉,山西,吕梁,O2a2b1a1*,M117+,O2a2b1a1*,"M117+, F5+",14,12,16,24,11,14,12,15,11,12,20,15,17,20,del,14,18,,
王,汉,陕西,渭南,,,O2a2b1a1*,"M117+, F5+",13,12,16,24,10,14,12,15,11,11,20,15,17,21,12,13,18,,
王,汉,陕西,榆林,,,Q1a1,"M120+, N14+",13,14,15,25,10,15,14,14,11,11,19,16,18,22,10,15,21,,
王,汉,上海,上海,O2a2b*,"P164+, M134-",,,15,11,16,24,11,13,13,15,10,11,19,14,17,22,11,12,17,,
王,汉,上海,上海,,,C3a,"M217+, F1144+",16,15,15,23,11,11,14,14,10,13,21,15,17,21,11,11,19,,
王,汉,上海,上海,,,O2a2b1*,"M134+, F444+",15,12,16,24,10,12,12,15,11,12,18,17,16,21,12,13,16,,
王,汉,云南,红河,,,O2a1c*,002611+,15,14,16,24,10,13,12,14,10,11,20,15,17,24,11,12,19,,
王,汉,浙江,宁波,O2*,"M268+, P31+, PK4-, M176-",,,15,14,16,24,10,13,13,14,10,11,18,16,16,21,12,12,17,,
王,汉,浙江,宁波,,,O2a2b1a2a1*,"M134+, F444+, F46+",14,12,16,23,10,12,12,15,10,12,19,15,18,19,12,12,17,,
王,汉,浙江,温州,O2a2b1a1*,M117+,O2a2b1a1*,"M117+, F5+",14,12,16,26,10,14,12,15,11,12,20,15,17,20,12,13,19,,
韦,童,广西,柳州,D1*,"M15+, N1-",,,15,13,17,23,10,11,13,15,10,13,19,14,18,19,12,15,17,11,13
位,汉,山东,青岛,,,N,M231+,15,14,17,24,11,13,13,14,11,11,18,16,15,23,12,11,13,,
卫,汉,安徽,六安,,,O2a*,"PK4+, M95-",15,14,16,24,11,13,14,13,10,11,18,14,19,21,10,12,18,,
乌喇觉罗,满,辽宁,沈阳,,,O1a1a*,P203+,18,12,16,23,10,14,13,14,10,11,18,20,16,19,12,13,13,,
烏梁海,蒙古,內蒙古,赤峰,O2a2b1a1*,M117+,,,14,13,15,24,10,14,12,15,11,13,20,15,17,20,11,13,18,,
吴,汉,福建,福州,N1c1,"M178+, LLY22g+",,,14,14,16,24,11,14,13,16,10,10,18,14,17,20,11,11,11,11,12
吴,汉,广东,广州,O2a2b1*,"M134+, M117-",,,16,12,17,23,10,12,12,14,10,12,19,16,18,19,12,12,16,,
吴,汉,江苏,苏州,D1,M15+,,,14,13,17,24,10,11,13,15,11,11,19,15,15,19,12,15,15,,
吴,汉,江苏,无锡,,,O2a2b1a2a1*,"M134+, F444+, F46+",15,12,16,23,10,12,12,14,10,11,19,16,18,19,12,12,17,,
吴,汉,山东,济宁,,,C3a,"M217+, F1144+",17,12,15,23,10,11,14,14,10,12,23,15,17,21,11,12,16,,
吴,汉,四川,南充,O2a2b1*,"M134+, M117-",O2a2b1a2a1*,"M134+, F444+, F46+",15,12,17,23,10,13,12,15,10,12,19,15,17,19,12,13,17,,
吴,汉,浙江,丽水,,,O1a1a*,P203+,15,12,15,23,11,14,13,14,10,11,18,16,15,19,12,11,13,,
吴,汉,浙江,绍兴,C,M130+,C3b*,"M217+, F1396+",14,13,17,24,10,11,13,14,11,12,del,17,19,23,11,12,14,,
吴,汉,浙江,绍兴,,,C3a,"M217+, F1144+",15,14,16,24,10,11,13,14,10,11,21,15,15,21,11,11,21,,
吴,汉,浙江,绍兴,,,O2*,"M268+, P31+, PK4-, M176-",15,14,16,24,10,13,13,14,10,12,18,15,15,21,12,12,17,,
席,汉,山西,晋城,,,O2a1c*,"002611+, F238+",17,13,16,22,10,13,12,15,10,14,19,16,17,21,12,11,12,,
夏,汉,福建,宁德,,,O1a1a*,P203+,15,12,16,23,11,14,13,15,10,11,18,17,16,19,11,14,14,,
夏,汉,江苏,泰州,,,N,M231+,15,13,17,22,10,14,14,14,10,10,19,15,14,24,11,11,13,,
夏,汉,江苏,宿迁,,,O2a2b1a1*,"M117+, F5+",14,12,16,23,10,14,12,14,11,11,20,15,17,20,12,13,18,,
夏,漢,江蘇,鹽城,O2a1c*,002611+,O2a1c*,002611+,17,12,18,26,10,13,12,14,10,13,19,13,18,21,11,12,21,,
夏,汉,江苏,鎭江,,,C3a,"M217+, F1144+",16,13,16,23,10,11,16,14,10,11,21,15,16,21,11,11,17,,
夏,汉,山东,济宁,C3a,"M217+, F1144+",C3a,"M217+, F1144+",15,13,16,23,10,11,14,14,10,11,21,16,16,21,12,11,19,,
夏侯,汉,湖南,益阳,O2a2*,"P201+, M159-, M7-, P164-",,,16,12,16,25,10,13,12,14,10,12,18,15,18,24,10,13,21,,
冼,汉,广东,肇庆,,,O2a2a1a1a*,M159+,15,13,16,24,10,13,12,15,10,12,19,15,18,21,11,13,22,,
萧,汉,安徽,阜阳,O2a1c*,002611+,,,15,12,16,25,11,13,12,14,10,12,19,14,18,21,11,12,21,,
谢,汉,广东,揭阳,Q1a1,"M120+, N14+",,,13,14,16,23,6,14,14,14,12,11,19,16,16,22,10,16,20,,
谢,汉,湖北,黄冈,,,O1a1a*,P203+,15,12,17,23,11,14,13,13,10,11,18,16,16,19,12,13,13,,
谢,汉,湖南,永州,,,Q1a1,"M120+, N14+",13,14,16,24,9,14,13,14,12,12,19,16,16,22,10,"17,17","20,21",,
谢,汉,江西,宜春,,,O1a1a*,P203+,15,12,18,24,10,14,13,14,10,11,18,16,15,20,11,13,14,,
谢,汉,浙江,丽水,,,O1b1a1a*,M95+,17,13,17,25,11,13,13,14,11,11,18,15,18,22,11,14,18,,
谢,汉,浙江,宁波,,,C3a,"M217+, F1144+",16,13,17,23,10,11,14,14,10,12,21,16,16,21,11,11,17,,
谢,汉,重庆,重庆,,,R1a1,M17+,17,13,19,25,11,11,13,14,11,11,20,16,15,23,12,12,14,,
辛,汉,河北,邢台,R1,M306+,,,15,13,18,24,11,11,14,14,11,10,20,15,15,23,12,11,15,,
邢,汉,陕西,渭南,,,O2a1c*,"002611+, F238+",15,13,15,22,10,14,13,14,10,11,19,15,18,21,11,11,13,,
熊,汉,江西,宜春,,,O1b1a1a*,"M95+, M88-",15,13,16,24,11,13,14,14,10,12,18,14,18,22,10,"13,13","15,18",,
胥,汉,山东,潍坊,,,O2a2b1a1*,"M117+, F5+",14,12,16,24,10,16,12,15,11,12,20,15,19,20,12,13,13,,
徐,汉,安徽,合肥,,,O2a2b1a1*,"M117+, F5+",15,13,16,24,10,13,12,14,11,11,20,16,18,20,14,13,20,,
徐,汉,湖北,武汉,O1a1a*,P203+,,,15,12,17,23,10,14,13,14,10,11,18,16,15,19,12,13,13,,
徐,汉,江苏,连云港,,,O2a1c*,002611+,16,12,16,24,10,12,12,14,10,13,19,14,20,22,10,12,19,,
徐,汉,江苏,泰州,O2*,"M268+, P31+, PK4-, M176-",,,14,14,15,23,10,13,14,14,10,12,18,15,17,21,12,13,17,,
徐,汉,江苏,扬州,O2a2b1a1*,M117+,,,14,13,16,24,10,14,13,15,11,13,20,14,19,20,12,13,18,,
徐,汉,江西,九江,O2a2b1a1*,M117+,O2a2b1a1*,"M117+, F5+",14,14,17,23,10,14,12,15,11,11,20,15,19,20,12,14,18,,
徐,汉,山东,东营,,,O2*,"M268+, P31+, PK4-, M176-",15,14,17,23,11,13,14,14,10,11,18,15,16,22,13,12,17,,
徐,汉,上海,上海,,,O2a2a1a2*,M7+,16,12,16,24,10,13,14,15,10,11,19,14,18,22,13,14,23,,
徐,汉,重庆,重庆,,,D1,M15+,14,13,16,25,10,11,12,14,10,10,17,15,18,22,11,14,18,,
颜,汉,江苏,南通,,,O1a1a*,P203+,15,12,18,23,10,14,13,14,10,11,18,16,15,22,10,13,13,,
严,汉,上海,上海,C3*,"M217+, M93-, P39-, M48-, M407-, P53-",,,16,13,16,23,10,11,15,14,10,11,21,16,16,21,11,11,11,,
严,汉,天津,天津,O2a2b1a1*,"M117+, M133+",,,14,12,14,24,10,14,12,15,11,13,20,15,17,20,12,13,20,11,10
杨,白,云南,大理,,,O2a2*,"P201+, M7-, P164-",15,13,17,23,10,13,13,15,10,11,20,15,17,20,11,13,24,,
杨,汉,安徽,合肥,,,O2a2a1a2*,M7+,16,12,16,23,10,13,12,15,10,12,21,17,17,21,12,13,21,,
杨,汉,广东,潮州,,,O2a2b1a1*,"M117+, F5+",14,12,16,24,10,14,12,14,11,13,20,15,18,20,12,13,16,,
杨,汉,湖北,孝感,,,O2a2b1a1*,"M117+, F5+",14,12,16,25,10,14,12,15,11,12,20,15,16,20,13,13,19,,
杨,汉,湖南,湘潭,,,O2a2b1a1a1a1,F316+,14,12,16,23,10,14,12,14,12,11,20,15,17,20,12,13,19,,
杨,汉,吉林,白山,,,O2a2*,"P201+, M7-, P164-",15,13,17,24,11,13,13,15,10,12,20,15,17,19,11,13,24,,
杨,汉,江苏,常州,C3a,"M217+, F1144+",C3a,"M217+, F1144+",16,12,15,25,10,11,14,14,8,13,21,16,16,21,11,11,17,,
杨,汉,江苏,南京,O2a2b1a1*,M117+,,,14,13,17,24,9,14,12,14,11,12,20,15,17,20,12,12,13,,
杨,汉,江苏,苏州,O2a2b1*,"M134+, M117-",,,15,12,16,24,10,12,12,16,10,11,18,16,19,24,11,11,18,11,12
杨,汉,陕西,商雒,,,O2a2b1a1*,M117+,15,12,17,24,9,14,12,15,11,13,20,16,16,20,12,12,19,,
杨,汉,上海,上海,,,O1a1a*,P203+,15,12,17,23,10,14,13,14,10,11,18,16,15,19,13,13,14,,
杨,汉,四川,广安,O2a1*,"L127+, 002611-",O2a*,M324+,17,14,16,24,10,13,12,15,10,12,21,13,18,22,12,15,21,,
杨,回,山东,潍坊,,,N,M231+,14,13,15,24,10,16,13,14,10,11,19,15,17,22,12,11,11,,
杨,瑶,广西,南宁,O2a2a1a2*,M7+,,,16,12,16,24,10,13,12,15,10,10,20,15,19,23,12,13,20,11,12
姚,汉,浙江,舟山,,,O1a1a*,P203+,15,12,16,23,11,14,13,14,10,11,18,17,16,19,12,13,13,,
叶,汉,浙江,宁波,,,O2a2b1a1*,"M117+, F5+",14,12,17,24,10,14,12,15,11,12,20,15,18,20,12,15,18,,
叶,汉,浙江,温州,,,O2a2b1a2a1*,"M134+, F444+, F46+",15,12,16,23,10,12,12,15,10,12,19,16,18,19,12,12,16,,
尹,汉,四川,遂宁,O1b1a1a*,"M95+, M88-",,,15,14,16,24,11,13,14,14,10,11,18,15,16,21,11,13,17,,
应,汉,浙江,金华,O2a2b1a1*,M117+,,,14,12,15,24,10,14,12,15,11,12,20,15,20,20,12,13,16,,
于,汉,山东,烟台,O2a2b1*,"M134+, M117-",O2a2b1a2a1*,"M134+, F444+, F46+",17,12,17,23,10,12,12,15,10,13,19,15,18,19,13,12,17,,
余,汉,海南,海南,,,N,M231+,15,14,18,23,10,15,13,14,11,11,19,16,15,21,12,11,12,,
余,汉,河南,驻马店,,,O2a1*,"L127+, 002611-",15,13,17,24,10,13,13,14,10,11,19,15,17,21,11,12,19,,
余,汉,浙江,金华,,,O1a1a*,P203+,15,12,17,23,11,14,13,14,10,11,19,15,15,19,12,13,14,,
郁,汉,浙江,湖州,,,O2a1c1a*,"002611+, F11+",16,12,16,25,10,13,12,14,10,13,19,14,19,21,11,13,18,,
喻,汉,湖北,孝感,O2a*,"PK4+, M95-",O2a*,"PK4+, M95-",15,13,16,23,11,13,14,14,10,13,18,15,17,23,11,12,21,,
袁,汉,河北,石家庄,Q1a1,"M120+, N14+",,,13,13,16,24,9,14,14,14,12,12,19,14,17,22,10,15,23,,
袁,汉,浙江,宁波,O2a*,"PK4+, M95-",,,15,13,17,23,10,15,14,14,10,11,18,15,16,21,12,12,18,,
原,汉,河南,焦作,,,O2a1c1a*,"002611+, F11+",16,12,16,25,10,13,12,14,10,13,19,15,17,22,12,12,12,,
章,汉,福建,南平,,,O2a2b1a1*,"M117+, F5+",14,13,16,24,11,14,12,14,11,11,20,15,18,20,12,13,17,,
章,汉,浙江,绍兴,,,O2a*,M324+,14,12,16,25,10,13,12,15,10,12,20,15,19,22,12,13,19,,
张,汉,安徽,亳州,,,Q1a1,"M120+, N14+",13,14,16,24,9,14,14,14,12,12,18,16,16,22,10,16,18,,
张,汉,安徽,芜湖,,,O2a2b1a1*,M117+,14,13,17,24,10,14,12,15,11,14,20,15,17,21,12,14,19,,
张,汉,安徽,宣城,,,O2a1c*,002611+,15,14,17,22,10,13,12,15,10,12,18,16,16,21,12,11,11,,
张,汉,河北,保定,,,O2a1c1a*,"002611+, F11+",16,12,18,25,10,13,12,14,10,11,20,14,20,22,12,14,18,,
张,汉,河北,保定,,,O2a2b1a2a1*,"M134+, F444+, F46+",14,12,17,23,11,12,12,15,10,12,19,16,18,20,12,11,16,,
张,汉,河北,石家庄,,,O2a2b1a1a1a1,"M117+, F5+, F155+",14,12,16,23,10,14,12,14,11,11,20,14,16,20,12,13,19,,
张,汉,湖北,黄冈,,,O2a2b1a1*,"M117+, F5+",14,12,16,24,10,14,12,15,11,12,20,15,17,20,12,13,19,,
张,汉,江苏,常州,O2a2b1a1*,M117+,O2a2b1a1*,"M117+, F5+",14,12,16,25,10,14,12,15,11,12,20,15,19,20,12,13,17,,
张,汉,江苏,常州,C3a,"M217+, F1144+",C3a,"M217+, F1144+",15,13,16,23,10,11,15,14,10,11,21,15,18,21,11,11,17,,
张,汉,江苏,苏州,N,M231+,,,14,14,16,23,11,15,13,14,11,11,19,14,17,24,12,11,13,,
张,汉,江苏,宿迁,O1a1a*,P203+,O1a1a*,P203+,15,12,17,23,11,14,13,14,10,11,18,16,16,19,12,13,13,,
张,汉,江苏,徐州,,,O2a1c*,002611+,16,13,16,22,10,14,12,14,10,11,19,16,17,20,12,11,11,,
张,汉,辽宁,丹东,,,C3a,"M217+, F1144+",15,13,17,23,10,11,14,14,10,12,21,16,16,21,11,12,15,,
张,汉,山东,济南,,,O2a2b1a2a1*,"M134+, F444+, F46+",15,12,17,24,10,12,12,15,10,11,20,15,18,19,12,13,19,,
张,汉,山东,潍坊,,,O2*,"M268+, P31+, PK4-, M176-",15,14,17,24,10,13,14,14,10,11,18,15,15,21,12,12,17,,
张,汉,山东,潍坊,,,O2*,"M122+, M324-",14,13,17,25,10,13,12,15,11,12,21,15,17,21,11,13,18,,
张,汉,山东,烟台,,,Q1a1,"M120+, N14+",13,14,16,24,9,14,13,14,13,11,19,17,16,22,10,17,20,,
张,汉,山东,,,,O1a1a*,P203+,15,12,17,23,11,14,13,14,10,13,18,15,17,20,11,13,13,,
张,汉,陕西,咸阳,,,C3a,"M217+, F1144+",15,14,15,23,10,11,15,14,10,12,21,15,17,20,11,11,19,,
张,汉,上海,上海,O2*,"M122+, M324-",O2*,"M122+, M324-",12,13,17,25,11,13,13,14,10,9,20,15,20,20,11,11,21,,
张,汉,四川,德阳,,,O2a2b1a1*,"M117+, F5+",14,12,16,23,10,14,12,14,11,13,20,15,20,20,12,14,18,,
张,满,辽宁,大连,,,O2a2b1a1*,"M117+, F5+",14,12,17,24,10,14,13,15,11,12,20,15,16,20,12,13,20,,
张,童,云南,文山,O1b1a1a*,"M95+, M88-",O1b1a1a*,M95+,15,12,16,24,10,13,15,14,10,11,18,13,18,24,10,14,16,,
赵,汉,安徽,安庆,O1a1a*,P203+,,,15,12,16,23,11,14,13,14,10,11,18,17,15,19,14,12,13,,
赵,汉,北京,北京,,,O2a2b1a1*,"M117+, F5+",14,12,16,23,10,14,12,14,11,12,20,15,17,20,11,13,19,,
赵,汉,河北,唐山,O2a2b1*,"M134+, M117-",,,15,12,17,24,10,12,12,15,11,12,20,15,20,22,12,12,12,,
赵,汉,河南,新乡,,,O2a2b1a2a1*,"M134+, F444+, F46+",16,12,16,23,10,12,12,15,10,12,19,15,17,19,12,12,19,,
赵,汉,山东,德州,,,C3a,"M217+, F1144+",15,13,16,23,10,11,15,14,10,11,21,15,17,21,12,11,20,,
赵,汉,山东,枣庄,C3a,"M217+, F1144+",C3a,"M217+, F1144+",16,14,17,23,10,11,14,14,10,11,21,16,16,21,11,10,17,,
赵,汉,浙江,宁波,,,C3a,"M217+, F1144+",15,13,17,25,10,11,14,14,10,12,22,16,16,22,11,11,18,,
赵,汉,浙江,绍兴,O1a1a*,P203+,,,15,12,18,23,11,14,13,14,10,11,18,15,17,19,12,13,13,,
赵,汉,浙江,绍兴,,,H,M69+,15,13,17,22,10,11,12,14,9,11,19,16,17,21,12,14,17,,
赵,汉,浙江,温州,O2a2*,"P201+, M7-, 002611-",,,15,13,17,24,10,13,13,15,10,11,20,15,18,21,11,13,28,11,12
郑,汉,福建,福州,R1a1a*,"M17+, M198+, M434-, M458-",,,16,13,16,25,11,11,13,14,11,11,20,16,16,23,13,11,15,12,12
郑,汉,江西,新喻,,,O2a2*,P201+,15,12,17,23,10,13,13,14,10,11,20,15,19,20,12,12,19,,
郑,汉,宁夏,固原,G,M201+,,,14,12,16,23,10,11,14,15,10,12,20,14,18,21,12,14,14,,
郑,汉,山西,晋中,O2a1c*,002611+,,,16,14,16,24,10,13,12,14,10,11,20,14,17,24,12,14,18,,
支,汉,江苏,苏州,O1a1a*,P203+,O1a1a*,P203+,16,13,16,23,11,14,13,15,10,12,19,16,15,20,11,13,14,,
钟,汉,广东,湛江,,,O1a1a*,P203+,15,12,15,23,11,14,13,14,10,14,18,16,14,22,12,13,13,,
钟,汉,重庆,重庆,,,O1a1a*,P203+,15,12,16,23,10,14,13,14,10,11,18,17,15,20,11,13,13,,
周,汉,广东,佛山,,,O1a1a*,P203+,14,12,17,23,10,14,13,14,10,11,18,16,15,19,12,13,13,,
周,汉,广东,汕头,O2a2b1a1*,M117+,,,15,12,16,24,10,14,12,15,11,12,20,15,18,20,12,14,18,,
周,汉,湖南,衡阳,O2a1c*,002611+,,,15,12,17,25,10,13,12,14,10,12,19,13,18,22,13,13,19,,
周,汉,江苏,泰州,O1a1a*,P203+,O1a1a*,P203+,17,12,15,23,11,14,13,14,10,11,18,17,15,20,12,12,13,,
周,汉,江苏,徐州,,,O2a2b1a2a1*,"M134+, F444+, F46+",15,12,16,23,10,12,12,14,10,12,19,14,17,20,11,12,16,,
周,汉,山东,泰安,,,O2a2b1a2a1*,"M134+, F444+, F46+",15,12,16,25,10,12,12,15,10,12,19,15,19,19,12,13,16,,
周,汉,四川,成都,,,O2a2b1a1a1a1,F316+,14,12,16,23,10,14,12,14,11,11,20,15,17,20,12,13,19,,
周,汉,浙江,海盐,,,O2a2b*,"P164+, M134-",15,12,17,24,10,13,12,15,9,10,del,15,14,22,13,12,18,,
周,汉,重庆,重庆,O1a1a*,P203+,,,15,12,16,23,10,15,13,14,11,12,18,15,15,21,11,13,14,,
朱,汉,安徽,蚌埠,O2a2b1*,"M134+, M117-",,,15,13,17,22,11,12,12,14,10,11,19,15,17,19,11,12,17,,
朱,汉,安徽,,,,O2a*,M324+,16,13,15,26,11,13,12,15,10,11,19,18,18,21,11,12,18,,
朱,汉,江苏,苏州,O2*,"M268+, P31+, PK4-, M176-",,,15,14,15,24,10,13,14,14,10,11,18,15,15,21,12,12,17,,
朱,汉,江苏,无锡,,,O2a*,M324+,15,14,18,24,10,13,13,15,10,12,21,13,19,21,12,14,22,,
朱,汉,江苏,徐州,,,O2a2b1a2a1*,"M134+, F444+, F46+",15,12,17,22,11,12,12,15,10,11,19,15,17,19,12,12,17,,
朱,汉,江苏,鎭江,O1a1a*,P203+,O1a1a*,P203+,16,12,15,23,11,14,13,14,10,12,18,17,15,20,12,12,13,,
朱,汉,山东,菏泽,,,O2a*,"PK4+, M95-",14,13,19,23,10,13,14,14,10,11,18,15,18,21,11,12,19,,
朱,汉,山东,莱芜,,,O2*,M122+,15,13,15,24,10,13,12,14,11,13,20,15,15,21,11,13,19,,
朱,汉,上海,上海,,,O2a2b1a1*,"M117+, F5+",14,12,17,24,10,14,12,15,11,13,20,14,18,21,12,13,16,,
祝,汉,上海,上海,,,O2a2b1a2a1*,"M134+, F444+, F46+",15,12,17,21,10,12,12,15,10,12,19,15,19,19,12,12,13,,
庄,汉,福建,莆田,,,N,M231+,14,13,15,23,10,14,13,14,10,11,19,17,15,23,12,11,11,,
邹,汉,江西,宜春,O2a1c*,002611+,,,15,13,17,25,9,13,12,14,10,10,20,14,17,23,12,14,18,,
左,汉,湖北,武汉,,,N,M231+,14,13,15,22,10,14,14,14,10,11,19,15,15,21,11,11,13,,
左,汉,湖南,长沙,,,O2a*,"PK4+, M95-",15,14,17,24,10,13,14,14,10,12,18,15,17,22,11,12,21,,
,蒙古,新疆,巴音郭楞,,,C3*-star,"F3273+, F3757+, F3791+",16,13,16,25,10,11,13,14,10,10,22,15,18,21,11,12,12,,
,维吾尔,新疆,吐鲁番,J1,M267+,J,M304+,14,13,18,24,10,11,12,14,10,11,20,16,18.2,20,12,13,16,,
,维吾尔,新疆,吐鲁番,,,R1a1a,M17+,16,13,17,25,11,11,13,14,11,10,20,17,19,23,12,11,16,,
